fecha,tipo_combustible,precio_min,precio_medio,precio_max,tipo_vehiculo
2015-09-30 15:18:49.686335,Gasóleo A,1.1635939222680334,1.2248357076505616,1.2860774930330898,autobus
2015-09-30 15:18:49.686335,Gasóleo A,1.1513455651915279,1.2003389934975504,1.2615807788800786,camion
2015-09-30 15:18:49.686335,Gasóleo A+,1.2860774930330898,1.3473192784156178,1.4085610637981458,autobus
2015-09-30 15:18:49.686335,Gasóleo A+,1.2615807788800786,1.3228225642626066,1.3840643496451346,camion
2015-10-31 15:18:49.686335,Gasóleo A,1.184125723005293,1.246448129479256,1.308770535953219,autobus
2015-10-31 15:18:49.686335,Gasóleo A,1.1716612417105006,1.2215191668896708,1.2838415733636337,camion
2015-10-31 15:18:49.686335,Gasóleo A+,1.308770535953219,1.3710929424271816,1.4334153489011443,autobus
2015-10-31 15:18:49.686335,Gasóleo A+,1.2838415733636337,1.3461639798375966,1.408486386311559,camion
2015-11-30 15:18:49.686335,Gasóleo A,1.259424173541153,1.3257096563591086,1.3919951391770642,autobus
2015-11-30 15:18:49.686335,Gasóleo A,1.2461670769775621,1.2991954632319265,1.365480946049882,camion
2015-11-30 15:18:49.686335,Gasóleo A+,1.3919951391770642,1.4582806219950197,1.5245661048129748,autobus
2015-11-30 15:18:49.686335,Gasóleo A+,1.365480946049882,1.4317664288678373,1.4980519116857927,camion
2015-12-31 15:18:49.686335,Gasóleo A,1.3169237501121542,1.3862355264338466,1.455547302755539,autobus
2015-12-31 15:18:49.686335,Gasóleo A,1.3030613948478158,1.3585108159051698,1.4278225922268621,camion
2015-12-31 15:18:49.686335,Gasóleo A+,1.455547302755539,1.5248590790772314,1.5941708553989236,autobus
2015-12-31 15:18:49.686335,Gasóleo A+,1.4278225922268621,1.4971343685485545,1.5664461448702465,camion
2016-01-31 15:18:49.686335,Gasóleo A,1.2239232373038604,1.2883402497935375,1.3527572622832145,autobus
2016-01-31 15:18:49.686335,Gasóleo A,1.211039834805925,1.2625734447976666,1.3269904572873437,camion
2016-01-31 15:18:49.686335,Gasóleo A+,1.3527572622832145,1.4171742747728913,1.481591287262568,autobus
2016-01-31 15:18:49.686335,Gasóleo A+,1.3269904572873437,1.3914074697770205,1.4558244822666973,camion
2016-02-29 15:18:49.686335,Gasóleo A,1.1923448810995356,1.2550998748416164,1.3178548685836973,autobus
2016-02-29 15:18:49.686335,Gasóleo A,1.1797938823511194,1.2299978773447842,1.292752871086865,camion
2016-02-29 15:18:49.686335,Gasóleo A+,1.3178548685836973,1.3806098623257783,1.4433648560678587,autobus
2016-02-29 15:18:49.686335,Gasóleo A+,1.292752871086865,1.3555078648289458,1.4182628585710264,camion
2016-03-31 15:18:49.686335,Gasóleo A,1.2341722726021471,1.2991287080022602,1.3640851434023733,autobus
2016-03-31 15:18:49.686335,Gasóleo A,1.2211809855221245,1.273146133842215,1.338102569242328,camion
2016-03-31 15:18:49.686335,Gasóleo A+,1.3640851434023733,1.4290415788024864,1.493998014202599,autobus
2016-03-31 15:18:49.686335,Gasóleo A+,1.338102569242328,1.4030590046424412,1.4680154400425538,camion
2016-04-30 15:18:49.686335,Gasóleo A,1.1513060908112336,1.2119011482223512,1.2724962056334688,autobus
2016-04-30 15:18:49.686335,Gasóleo A,1.13918707932901,1.1876631252579042,1.2482581826690218,camion
2016-04-30 15:18:49.686335,Gasóleo A+,1.2724962056334688,1.3330912630445864,1.3936863204557037,autobus
2016-04-30 15:18:49.686335,Gasóleo A+,1.2482581826690218,1.3088532400801394,1.3694482974912567,camion
2016-05-31 15:18:49.686335,Gasóleo A,1.0609737717959629,1.1168144966273295,1.172655221458696,autobus
2016-05-31 15:18:49.686335,Gasóleo A,1.0498056268296896,1.094478206694783,1.1503189315261493,camion
2016-05-31 15:18:49.686335,Gasóleo A+,1.172655221458696,1.2284959462900624,1.2843366711214288,autobus
2016-05-31 15:18:49.686335,Gasóleo A+,1.1503189315261493,1.2061596563575159,1.2620003811888822,camion
2016-06-30 15:18:49.686335,Gasóleo A,1.0995110978686526,1.1573801030196345,1.2152491081706163,autobus
2016-06-30 15:18:49.686335,Gasóleo A,1.0879372968384564,1.1342325009592418,1.1921015061102236,camion
2016-06-30 15:18:49.686335,Gasóleo A+,1.2152491081706163,1.273118113321598,1.3309871184725794,autobus
2016-06-30 15:18:49.686335,Gasóleo A+,1.1921015061102236,1.2499705112612054,1.3078395164121868,camion
2016-07-31 15:18:49.686335,Gasóleo A,1.0676480193411302,1.1238400203590844,1.1800320213770386,autobus
2016-07-31 15:18:49.686335,Gasóleo A,1.0564096191375392,1.1013632199519026,1.157555220969857,camion
2016-07-31 15:18:49.686335,Gasóleo A+,1.1800320213770386,1.236224022394993,1.292416023412947,autobus
2016-07-31 15:18:49.686335,Gasóleo A+,1.157555220969857,1.2137472219878112,1.2699392230057651,camion
2016-08-31 15:18:49.686335,Gasóleo A,1.105503887125581,1.1636883022374536,1.2218727173493262,autobus
2016-08-31 15:18:49.686335,Gasóleo A,1.0938670041032064,1.1404145361927045,1.1985989513045772,camion
2016-08-31 15:18:49.686335,Gasóleo A+,1.2218727173493262,1.2800571324611991,1.3382415475730716,autobus
2016-08-31 15:18:49.686335,Gasóleo A+,1.1985989513045772,1.2567833664164498,1.3149677815283225,camion
2016-09-30 15:18:49.686335,Gasóleo A,1.1898125356304792,1.2524342480320834,1.3150559604336876,autobus
2016-09-30 15:18:49.686335,Gasóleo A,1.1772881931501582,1.2273855630714416,1.2900072754730458,camion
2016-09-30 15:18:49.686335,Gasóleo A+,1.3150559604336876,1.3776776728352917,1.4402993852368957,autobus
2016-09-30 15:18:49.686335,Gasóleo A+,1.2900072754730458,1.35262898787465,1.415250700276254,camion
2016-10-31 15:18:49.686335,Gasóleo A,1.1381317934207715,1.198033466758707,1.2579351400966423,autobus
2016-10-31 15:18:49.686335,Gasóleo A,1.1261514587531845,1.1740727974235328,1.2339744707614682,camion
2016-10-31 15:18:49.686335,Gasóleo A+,1.2579351400966423,1.3178368134345777,1.3777384867725129,autobus
2016-10-31 15:18:49.686335,Gasóleo A+,1.2339744707614682,1.2938761440994035,1.3537778174373387,camion
2016-11-30 15:18:49.686335,Gasóleo A,1.1850446986680938,1.247415472282204,1.309786245896314,autobus
2016-11-30 15:18:49.686335,Gasóleo A,1.1725705439452716,1.2224671628365598,1.2848379364506701,camion
2016-11-30 15:18:49.686335,Gasóleo A+,1.309786245896314,1.3721570195104245,1.4345277931245344,autobus
2016-11-30 15:18:49.686335,Gasóleo A+,1.2848379364506701,1.3472087100647803,1.4095794836788904,camion
2016-12-31 15:18:49.686335,Gasóleo A,1.2561905020249193,1.3223057916051784,1.3884210811854374,autobus
2016-12-31 15:18:49.686335,Gasóleo A,1.2429674441088676,1.2958596757730747,1.3619749653533337,camion
2016-12-31 15:18:49.686335,Gasóleo A+,1.3884210811854374,1.4545363707656964,1.520651660345955,autobus
2016-12-31 15:18:49.686335,Gasóleo A+,1.3619749653533337,1.4280902549335928,1.4942055445138513,camion
2017-01-31 15:18:49.686335,Gasóleo A,1.2252553721184263,1.2897424969667646,1.3542296218151029,autobus
2017-01-31 15:18:49.686335,Gasóleo A,1.2123579471487587,1.2639476470274293,1.3284347718757676,camion
2017-01-31 15:18:49.686335,Gasóleo A+,1.3542296218151029,1.4187167466634412,1.4832038715117792,autobus
2017-01-31 15:18:49.686335,Gasóleo A+,1.3284347718757676,1.392921896724106,1.4574090215724438,camion
2017-02-28 15:18:49.686335,Gasóleo A,1.2567124625839896,1.3228552237726208,1.388997984961252,autobus
2017-02-28 15:18:49.686335,Gasóleo A,1.2434839103462634,1.2963981192971683,1.3625408804857995,camion
2017-02-28 15:18:49.686335,Gasóleo A+,1.388997984961252,1.4551407461498829,1.5212835073385138,autobus
2017-02-28 15:18:49.686335,Gasóleo A+,1.3625408804857995,1.4286836416744306,1.4948264028630613,camion
2017-03-31 15:18:49.686335,Gasóleo A,1.1543478480093812,1.2151029979046117,1.2758581477998423,autobus
2017-03-31 15:18:49.686335,Gasóleo A,1.142196818030335,1.1908009379465194,1.2515560878417502,camion
2017-03-31 15:18:49.686335,Gasóleo A+,1.2758581477998423,1.336613297695073,1.3973684475903034,autobus
2017-03-31 15:18:49.686335,Gasóleo A+,1.2515560878417502,1.3123112377369808,1.3730663876322111,camion
2017-04-30 15:18:49.686335,Gasóleo A,1.0860878430941368,1.1432503611517228,1.200412879209309,autobus
2017-04-30 15:18:49.686335,Gasóleo A,1.0746553394826195,1.1203853539286883,1.1775478719862746,camion
2017-04-30 15:18:49.686335,Gasóleo A+,1.200412879209309,1.2575753972668953,1.3147379153244811,autobus
2017-04-30 15:18:49.686335,Gasóleo A+,1.1775478719862746,1.2347103900438607,1.2918729081014466,camion
2017-05-31 15:18:49.686335,Gasóleo A,1.1912114493827395,1.2539067888239364,1.3166021282651332,autobus
2017-05-31 15:18:49.686335,Gasóleo A,1.1786723814945002,1.2288286530474577,1.2915239924886546,camion
2017-05-31 15:18:49.686335,Gasóleo A+,1.3166021282651332,1.37929746770633,1.4419928071475268,autobus
2017-05-31 15:18:49.686335,Gasóleo A+,1.2915239924886546,1.3542193319298514,1.4169146713710479,camion
2017-06-30 15:18:49.686335,Gasóleo A,1.101334449256301,1.1592994202697906,1.2172643912832801,autobus
2017-06-30 15:18:49.686335,Gasóleo A,1.089741455053603,1.1361134318643948,1.1940784028778844,camion
2017-06-30 15:18:49.686335,Gasóleo A+,1.2172643912832801,1.2752293622967699,1.3331943333102592,autobus
2017-06-30 15:18:49.686335,Gasóleo A+,1.1940784028778844,1.2520433738913739,1.3100083449048632,camion
2017-07-31 15:18:49.686335,Gasóleo A,1.1311872772034908,1.1907234496878851,1.2502596221722795,autobus
2017-07-31 15:18:49.686335,Gasóleo A,1.1192800427066119,1.1669089806941273,1.2264451531785217,camion
2017-07-31 15:18:49.686335,Gasóleo A+,1.2502596221722795,1.3097957946566738,1.3693319671410678,autobus
2017-07-31 15:18:49.686335,Gasóleo A+,1.2264451531785217,1.285981325662916,1.3455174981473101,camion
2017-08-31 15:18:49.686335,Gasóleo A,1.098269839306121,1.1560735150590749,1.2138771908120287,autobus
2017-08-31 15:18:49.686335,Gasóleo A,1.0867091041555303,1.1329520447578934,1.1907557205108472,camion
2017-08-31 15:18:49.686335,Gasóleo A+,1.2138771908120287,1.2716808665649824,1.329484542317936,autobus
2017-08-31 15:18:49.686335,Gasóleo A+,1.1907557205108472,1.2485593962638009,1.3063630720167545,camion
2017-09-30 15:18:49.686335,Gasóleo A,1.1907804760472387,1.2534531326813039,1.316125789315369,autobus
2017-09-30 15:18:49.686335,Gasóleo A,1.1782459447204257,1.2283840700276778,1.291056726661743,camion
2017-09-30 15:18:49.686335,Gasóleo A+,1.316125789315369,1.3787984459494345,1.4414711025834994,autobus
2017-09-30 15:18:49.686335,Gasóleo A+,1.291056726661743,1.3537293832958082,1.4164020399298733,camion
2017-10-31 15:18:49.686335,Gasóleo A,1.2726007557843277,1.3395797429308713,1.406558730077415,autobus
2017-10-31 15:18:49.686335,Gasóleo A,1.2592049583550189,1.3127881480722539,1.3797671352187975,camion
2017-10-31 15:18:49.686335,Gasóleo A+,1.406558730077415,1.4735377172239585,1.540516704370502,autobus
2017-10-31 15:18:49.686335,Gasóleo A+,1.3797671352187975,1.446746122365341,1.5137251095118844,camion
2017-11-30 15:18:49.686335,Gasóleo A,1.2506254285159957,1.3164478194905218,1.382270210465048,autobus
2017-11-30 15:18:49.686335,Gasóleo A,1.2374609503210905,1.2901188631007114,1.3559412540752376,camion
2017-11-30 15:18:49.686335,Gasóleo A+,1.382270210465048,1.448092601439574,1.5139149924141,autobus
2017-11-30 15:18:49.686335,Gasóleo A+,1.3559412540752376,1.4217636450497637,1.4875860360242894,camion
2017-12-31 15:18:49.686335,Gasóleo A,1.3390641432663772,1.409541203438292,1.4800182636102066,autobus
2017-12-31 15:18:49.686335,Gasóleo A,1.3249687312319944,1.381350379369526,1.4518274395414408,camion
2017-12-31 15:18:49.686335,Gasóleo A+,1.4800182636102066,1.5504953237821213,1.6209723839540355,autobus
2017-12-31 15:18:49.686335,Gasóleo A+,1.4518274395414408,1.5223044997133555,1.5927815598852697,camion
2018-01-31 15:18:49.686335,Gasóleo A,1.2831538402942604,1.3506882529413269,1.4182226655883934,autobus
2018-01-31 15:18:49.686335,Gasóleo A,1.2696469577648473,1.3236744878825004,1.3912089005295667,camion
2018-01-31 15:18:49.686335,Gasóleo A+,1.4182226655883934,1.4857570782354597,1.5532914908825257,autobus
2018-01-31 15:18:49.686335,Gasóleo A+,1.3912089005295667,1.4587433131766332,1.5262777258236992,camion
2018-02-28 15:18:49.686335,Gasóleo A,1.266249588901626,1.332894304106975,1.3995390193123238,autobus
2018-02-28 15:18:49.686335,Gasóleo A,1.2529206458605564,1.3062364180248354,1.3728811332301842,camion
2018-02-28 15:18:49.686335,Gasóleo A+,1.3995390193123238,1.4661837345176725,1.5328284497230211,autobus
2018-02-28 15:18:49.686335,Gasóleo A+,1.3728811332301842,1.439525848435533,1.5061705636408815,camion
2018-03-31 15:18:49.686335,Gasóleo A,1.207217255246835,1.2707550055229841,1.3342927557991333,autobus
2018-03-31 15:18:49.686335,Gasóleo A,1.194509705191605,1.2453399054125245,1.3088776556886736,camion
2018-03-31 15:18:49.686335,Gasóleo A+,1.3342927557991333,1.3978305060752827,1.4613682563514316,autobus
2018-03-31 15:18:49.686335,Gasóleo A+,1.3088776556886736,1.372415405964823,1.435953156240972,camion
2018-04-30 15:18:49.686335,Gasóleo A,1.2794748104028302,1.346815589897716,1.414156369392602,autobus
2018-04-30 15:18:49.686335,Gasóleo A,1.266006654503853,1.3198792780997617,1.3872200575946476,camion
2018-04-30 15:18:49.686335,Gasóleo A+,1.414156369392602,1.4814971488874877,1.5488379283823734,autobus
2018-04-30 15:18:49.686335,Gasóleo A+,1.3872200575946476,1.4545608370895335,1.521901616584419,camion
2018-05-31 15:18:49.686335,Gasóleo A,1.1592713424150063,1.2202856235947435,1.2812999047744806,autobus
2018-05-31 15:18:49.686335,Gasóleo A,1.1470684861790588,1.1958799111228486,1.2568941923025858,camion
2018-05-31 15:18:49.686335,Gasóleo A+,1.2812999047744806,1.3423141859542178,1.403328467133955,autobus
2018-05-31 15:18:49.686335,Gasóleo A+,1.2568941923025858,1.317908473482323,1.37892275466206,camion
2018-06-30 15:18:49.686335,Gasóleo A,1.1001368821350987,1.158038823300104,1.2159407644651092,autobus
2018-06-30 15:18:49.686335,Gasóleo A,1.0885564939020977,1.134878046834102,1.1927799879991072,camion
2018-06-30 15:18:49.686335,Gasóleo A+,1.2159407644651092,1.2738427056301145,1.3317446467951195,autobus
2018-06-30 15:18:49.686335,Gasóleo A+,1.1927799879991072,1.2506819291641125,1.3085838703291175,camion
2018-07-31 15:18:49.686335,Gasóleo A,1.2053698985368084,1.26881041951243,1.3322509404880514,autobus
2018-07-31 15:18:49.686335,Gasóleo A,1.192681794341684,1.2434342111221812,1.306874732097803,camion
2018-07-31 15:18:49.686335,Gasóleo A+,1.3322509404880514,1.395691461463673,1.4591319824392943,autobus
2018-07-31 15:18:49.686335,Gasóleo A+,1.306874732097803,1.3703152530734244,1.4337557740490456,camion
2018-08-31 15:18:49.686335,Gasóleo A,1.1462746325087292,1.2066048763249781,1.2669351201412271,autobus
2018-08-31 15:18:49.686335,Gasóleo A,1.1342085837454794,1.1824727787984786,1.2428030226147275,camion
2018-08-31 15:18:49.686335,Gasóleo A+,1.2669351201412271,1.327265363957476,1.3875956077737248,autobus
2018-08-31 15:18:49.686335,Gasóleo A+,1.2428030226147275,1.3031332664309765,1.3634635102472252,camion
2018-09-30 15:18:49.686335,Gasóleo A,1.2648790039560032,1.3314515831115823,1.3980241622671614,autobus
2018-09-30 15:18:49.686335,Gasóleo A,1.2515644881248873,1.3048225514493506,1.37139513060493,camion
2018-09-30 15:18:49.686335,Gasóleo A+,1.3980241622671614,1.4645967414227405,1.5311693205783194,autobus
2018-09-30 15:18:49.686335,Gasóleo A+,1.37139513060493,1.437967709760509,1.504540288916088,camion
2018-10-31 15:18:49.686335,Gasóleo A,1.212566929619912,1.2763862417051706,1.3402055537904292,autobus
2018-10-31 15:18:49.686335,Gasóleo A,1.1998030672028603,1.250858516871067,1.3146778289563257,camion
2018-10-31 15:18:49.686335,Gasóleo A+,1.3402055537904292,1.4040248658756878,1.4678441779609461,autobus
2018-10-31 15:18:49.686335,Gasóleo A+,1.3146778289563257,1.3784971410415843,1.4423164531268426,camion
2018-11-30 15:18:49.686335,Gasóleo A,1.2805281138519722,1.347924330370497,1.415320546889022,autobus
2018-11-30 15:18:49.686335,Gasóleo A,1.2670488705482672,1.3209658437630871,1.388362060281612,camion
2018-11-30 15:18:49.686335,Gasóleo A+,1.415320546889022,1.4827167634075469,1.5501129799260716,autobus
2018-11-30 15:18:49.686335,Gasóleo A+,1.388362060281612,1.455758276800137,1.5231544933186616,camion
2018-12-31 15:18:49.686335,Gasóleo A,1.3688887238298337,1.4409354987682461,1.5129822737066585,autobus
2018-12-31 15:18:49.686335,Gasóleo A,1.3544793688421513,1.4121167887928812,1.4841635637312935,camion
2018-12-31 15:18:49.686335,Gasóleo A+,1.5129822737066585,1.5850290486450709,1.6570758235834828,autobus
2018-12-31 15:18:49.686335,Gasóleo A+,1.4841635637312935,1.556210338669706,1.6282571136081179,camion
2019-01-31 15:18:49.686335,Gasóleo A,1.3850806683462784,1.4579796508908194,1.5308786334353603,autobus
2019-01-31 15:18:49.686335,Gasóleo A,1.3705008718373701,1.428820057873003,1.501719040417544,camion
2019-01-31 15:18:49.686335,Gasóleo A+,1.5308786334353603,1.6037776159799015,1.676676598524442,autobus
2019-01-31 15:18:49.686335,Gasóleo A+,1.501719040417544,1.574618022962085,1.6475170055066257,camion
2019-02-28 15:18:49.686335,Gasóleo A,1.3265643631044228,1.396383540109919,1.466202717115415,autobus
2019-02-28 15:18:49.686335,Gasóleo A,1.3126005277033237,1.3684558693077205,1.4382750463132166,camion
2019-02-28 15:18:49.686335,Gasóleo A+,1.466202717115415,1.536021894120911,1.6058410711264066,autobus
2019-02-28 15:18:49.686335,Gasóleo A+,1.4382750463132166,1.5080942233187125,1.5779134003242083,camion
2019-03-31 15:18:49.686335,Gasóleo A,1.2686243536453818,1.3353940564688231,1.4021637592922644,autobus
2019-03-31 15:18:49.686335,Gasóleo A,1.2552704130806938,1.3086861753394468,1.3754558781628878,camion
2019-03-31 15:18:49.686335,Gasóleo A+,1.4021637592922644,1.4689334621157055,1.5357031649391466,autobus
2019-03-31 15:18:49.686335,Gasóleo A+,1.3754558781628878,1.4422255809863291,1.50899528380977,camion
2019-04-30 15:18:49.686335,Gasóleo A,1.2155084988292566,1.279482630346586,1.3434567618639155,autobus
2019-04-30 15:18:49.686335,Gasóleo A,1.2027136725257908,1.2538929777396544,1.3178671092569836,camion
2019-04-30 15:18:49.686335,Gasóleo A+,1.3434567618639155,1.4074308933812447,1.471405024898574,autobus
2019-04-30 15:18:49.686335,Gasóleo A+,1.3178671092569836,1.381841240774313,1.445815372291642,camion
2019-05-31 15:18:49.686335,Gasóleo A,1.1280019937786978,1.1873705197670503,1.2467390457554028,autobus
2019-05-31 15:18:49.686335,Gasóleo A,1.1161282885810273,1.1636231093717093,1.2229916353600618,camion
2019-05-31 15:18:49.686335,Gasóleo A+,1.2467390457554028,1.3061075717437554,1.3654760977321079,autobus
2019-05-31 15:18:49.686335,Gasóleo A+,1.2229916353600618,1.2823601613484144,1.3417286873367666,camion
2019-06-30 15:18:49.686335,Gasóleo A,1.1545048790928478,1.2152682937819452,1.2760317084710426,autobus
2019-06-30 15:18:49.686335,Gasóleo A,1.1423521961550285,1.1909629279063063,1.2517263425954037,camion
2019-06-30 15:18:49.686335,Gasóleo A+,1.2760317084710426,1.3367951231601398,1.397558537849237,autobus
2019-06-30 15:18:49.686335,Gasóleo A+,1.2517263425954037,1.312489757284501,1.373253171973598,camion
2019-07-31 15:18:49.686335,Gasóleo A,1.1827380013224094,1.2449873698130625,1.3072367383037156,autobus
2019-07-31 15:18:49.686335,Gasóleo A,1.1702881276242787,1.2200876224168011,1.2823369909074545,camion
2019-07-31 15:18:49.686335,Gasóleo A+,1.3072367383037156,1.3694861067943689,1.4317354752850218,autobus
2019-07-31 15:18:49.686335,Gasóleo A+,1.2823369909074545,1.3445863593981076,1.4068357278887604,camion
2019-08-31 15:18:49.686335,Gasóleo A,1.2927973393588439,1.3608393045882567,1.4288812698176696,autobus
2019-08-31 15:18:49.686335,Gasóleo A,1.2791889463129613,1.3336225184964916,1.4016644837259045,camion
2019-08-31 15:18:49.686335,Gasóleo A+,1.4288812698176696,1.4969232350470825,1.564965200276495,autobus
2019-08-31 15:18:49.686335,Gasóleo A+,1.4016644837259045,1.4697064489553173,1.53774841418473,camion
2019-09-30 15:18:49.686335,Gasóleo A,1.3095991796788715,1.378525452293549,1.4474517249082266,autobus
2019-09-30 15:18:49.686335,Gasóleo A,1.295813925155936,1.350954943247678,1.4198812158623555,camion
2019-09-30 15:18:49.686335,Gasóleo A+,1.4474517249082266,1.5163779975229041,1.5853042701375812,autobus
2019-09-30 15:18:49.686335,Gasóleo A+,1.4198812158623555,1.488807488477033,1.5577337610917104,camion
2019-10-31 15:18:49.686335,Gasóleo A,1.260226180855564,1.3265538745848042,1.3928815683140445,autobus
2019-10-31 15:18:49.686335,Gasóleo A,1.246960642109716,1.3000227970931082,1.3663504908223485,camion
2019-10-31 15:18:49.686335,Gasóleo A+,1.3928815683140445,1.4592092620432848,1.5255369557725247,autobus
2019-10-31 15:18:49.686335,Gasóleo A+,1.3663504908223485,1.4326781845515886,1.4990058782808287,camion
2019-11-30 15:18:49.686335,Gasóleo A,1.397330267451993,1.47087396573894,1.544417664025887,autobus
2019-11-30 15:18:49.686335,Gasóleo A,1.3826215277946035,1.4414564864241612,1.5150001847111083,camion
2019-11-30 15:18:49.686335,Gasóleo A+,1.544417664025887,1.6179613623128342,1.691505060599781,autobus
2019-11-30 15:18:49.686335,Gasóleo A+,1.5150001847111083,1.5885438829980554,1.662087581285002,camion
2019-12-31 15:18:49.686335,Gasóleo A,1.379565734537368,1.4521744574077557,1.5247831802781435,autobus
2019-12-31 15:18:49.686335,Gasóleo A,1.3650439899632902,1.4231309682596005,1.4957396911299885,camion
2019-12-31 15:18:49.686335,Gasóleo A+,1.5247831802781435,1.5973919031485315,1.670000626018919,autobus
2019-12-31 15:18:49.686335,Gasóleo A+,1.4957396911299885,1.5683484140003763,1.6409571368707638,camion
2020-01-31 15:18:49.686335,Gasóleo A,1.3561690385130558,1.4275463563295325,1.4989236741460092,autobus
2020-01-31 15:18:49.686335,Gasóleo A,1.3418935749497605,1.3989954292029418,1.4703727470194186,camion
2020-01-31 15:18:49.686335,Gasóleo A+,1.4989236741460092,1.570300991962486,1.6416783097789622,autobus
2020-01-31 15:18:49.686335,Gasóleo A+,1.4703727470194186,1.5417500648358953,1.6131273826523715,camion
2020-02-29 15:18:49.686335,Gasóleo A,1.3857983211989329,1.458735074946245,1.5316718286935573,autobus
2020-02-29 15:18:49.686335,Gasóleo A,1.3712109704494704,1.4295603734473201,1.5024971271946326,camion
2020-02-29 15:18:49.686335,Gasóleo A+,1.5316718286935573,1.6046085824408698,1.6775453361881818,autobus
2020-02-29 15:18:49.686335,Gasóleo A+,1.5024971271946326,1.5754338809419448,1.6483706346892568,camion
2020-03-31 15:18:49.686335,Gasóleo A,1.3614094521084734,1.4330625811668143,1.5047157102251552,autobus
2020-03-31 15:18:49.686335,Gasóleo A,1.3470788262968054,1.404401329543478,1.4760544586018187,camion
2020-03-31 15:18:49.686335,Gasóleo A+,1.5047157102251552,1.5763688392834958,1.6480219683418362,autobus
2020-03-31 15:18:49.686335,Gasóleo A+,1.4760544586018187,1.5477075876601596,1.6193607167185,camion
2020-04-30 15:18:49.686335,Gasóleo A,1.3123660577588594,1.3814379555356415,1.4505098533124237,autobus
2020-04-30 15:18:49.686335,Gasóleo A,1.298551678203503,1.3538091964249286,1.4228810942017107,camion
2020-04-30 15:18:49.686335,Gasóleo A+,1.4505098533124237,1.5195817510892058,1.5886536488659877,autobus
2020-04-30 15:18:49.686335,Gasóleo A+,1.4228810942017107,1.4919529919784928,1.5610248897552748,camion
2020-05-31 15:18:49.686335,Gasóleo A,1.1966882836991677,1.2596718775780713,1.322655471456975,autobus
2020-05-31 15:18:49.686335,Gasóleo A,1.184091564923387,1.2344784400265099,1.2974620339054135,camion
2020-05-31 15:18:49.686335,Gasóleo A+,1.322655471456975,1.3856390653358786,1.448622659214782,autobus
2020-05-31 15:18:49.686335,Gasóleo A+,1.2974620339054135,1.360445627784317,1.4234292216632205,camion
2020-06-30 15:18:49.686335,Gasóleo A,1.212329218869756,1.2761360198629013,1.3399428208560464,autobus
2020-06-30 15:18:49.686335,Gasóleo A,1.1995678586711271,1.2506132994656431,1.3144201004587883,camion
2020-06-30 15:18:49.686335,Gasóleo A+,1.3399428208560464,1.4037496218491916,1.4675564228423363,autobus
2020-06-30 15:18:49.686335,Gasóleo A+,1.3144201004587883,1.3782269014519335,1.4420337024450782,camion
2020-07-31 15:18:49.686335,Gasóleo A,1.258672683665761,1.3249186143850116,1.3911645451042622,autobus
2020-07-31 15:18:49.686335,Gasóleo A,1.2454234975219107,1.2984202420973112,1.3646661728165619,camion
2020-07-31 15:18:49.686335,Gasóleo A+,1.3911645451042622,1.457410475823513,1.5236564065427631,autobus
2020-07-31 15:18:49.686335,Gasóleo A+,1.3646661728165619,1.4309121035358126,1.497158034255063,camion
2020-08-31 15:18:49.686335,Gasóleo A,1.3272417548828497,1.3970965840872103,1.4669514132915709,autobus
2020-08-31 15:18:49.686335,Gasóleo A,1.3132707890419775,1.369154652405466,1.4390094816098267,camion
2020-08-31 15:18:49.686335,Gasóleo A+,1.4669514132915709,1.5368062424959315,1.6066610717002916,autobus
2020-08-31 15:18:49.686335,Gasóleo A+,1.4390094816098267,1.5088643108141873,1.5787191400185474,camion
2020-09-30 15:18:49.686335,Gasóleo A,1.3088358623578105,1.3777219603766426,1.4466080583954748,autobus
2020-09-30 15:18:49.686335,Gasóleo A,1.295058642754044,1.3501675211691098,1.419053619187942,camion
2020-09-30 15:18:49.686335,Gasóleo A+,1.4466080583954748,1.515494156414307,1.584380254433139,autobus
2020-09-30 15:18:49.686335,Gasóleo A+,1.419053619187942,1.487939717206774,1.556825815225606,camion
2020-10-31 15:18:49.686335,Gasóleo A,1.3734711145748548,1.4457590679735315,1.5180470213722081,autobus
2020-10-31 15:18:49.686335,Gasóleo A,1.3590135238951195,1.416843886614061,1.4891318400127376,camion
2020-10-31 15:18:49.686335,Gasóleo A+,1.5180470213722081,1.5903349747708848,1.662622928169561,autobus
2020-10-31 15:18:49.686335,Gasóleo A+,1.4891318400127376,1.561419793411414,1.6337077468100905,camion
2020-11-30 15:18:49.686335,Gasóleo A,1.367704695371546,1.43968915302268,1.5116736106738142,autobus
2020-11-30 15:18:49.686335,Gasóleo A,1.353307803841319,1.4108953699622264,1.4828798276133606,camion
2020-11-30 15:18:49.686335,Gasóleo A+,1.5116736106738142,1.5836580683249482,1.6556425259760819,autobus
2020-11-30 15:18:49.686335,Gasóleo A+,1.4828798276133606,1.5548642852644945,1.6268487429156284,camion
2020-12-31 15:18:49.686335,Gasóleo A,1.3793566559444035,1.4519543746783194,1.5245520934122354,autobus
2020-12-31 15:18:49.686335,Gasóleo A,1.3648371121976202,1.422915287184753,1.495513005918669,camion
2020-12-31 15:18:49.686335,Gasóleo A+,1.5245520934122354,1.5971498121461516,1.6697475308800673,autobus
2020-12-31 15:18:49.686335,Gasóleo A+,1.495513005918669,1.5681107246525852,1.640708443386501,camion
2021-01-31 15:18:49.686335,Gasóleo A,1.4652371378224058,1.542354881918322,1.619472626014238,autobus
2021-01-31 15:18:49.686335,Gasóleo A,1.4498135890032224,1.5115077842799554,1.5886255283758717,camion
2021-01-31 15:18:49.686335,Gasóleo A+,1.619472626014238,1.6965903701101543,1.77370811420607,autobus
2021-01-31 15:18:49.686335,Gasóleo A+,1.5886255283758717,1.6657432724717878,1.7428610165677036,camion
2021-02-28 15:18:49.686335,Gasóleo A,1.4594844265671978,1.5362993963865241,1.6131143662058505,autobus
2021-02-28 15:18:49.686335,Gasóleo A,1.4441214326033327,1.5055734084587937,1.5823883782781198,camion
2021-02-28 15:18:49.686335,Gasóleo A+,1.6131143662058505,1.6899293360251766,1.7667443058445027,autobus
2021-02-28 15:18:49.686335,Gasóleo A+,1.5823883782781198,1.6592033480974462,1.736018317916772,camion
2021-03-31 15:18:49.686335,Gasóleo A,1.3473358217459424,1.4182482334167814,1.4891606450876205,autobus
2021-03-31 15:18:49.686335,Gasóleo A,1.3331533394117745,1.3898832687484457,1.460795680419285,camion
2021-03-31 15:18:49.686335,Gasóleo A+,1.4891606450876205,1.5600730567584598,1.6309854684292986,autobus
2021-03-31 15:18:49.686335,Gasóleo A+,1.460795680419285,1.531708092090124,1.6026205037609629,camion
2021-04-30 15:18:49.686335,Gasóleo A,1.3541173924818042,1.425386728928215,1.4966560653746257,autobus
2021-04-30 15:18:49.686335,Gasóleo A,1.339863525192522,1.3968789943496507,1.4681483307960614,camion
2021-04-30 15:18:49.686335,Gasóleo A+,1.4966560653746257,1.5679254018210365,1.639194738267447,autobus
2021-04-30 15:18:49.686335,Gasóleo A+,1.4681483307960614,1.5394176672424722,1.6106870036888827,camion
2021-05-31 15:18:49.686335,Gasóleo A,1.2920481549730982,1.3600506894453666,1.428053223917635,autobus
2021-05-31 15:18:49.686335,Gasóleo A,1.2784476480786444,1.3328496756564592,1.4008522101287275,camion
2021-05-31 15:18:49.686335,Gasóleo A+,1.428053223917635,1.4960557583899032,1.5640582928621714,autobus
2021-05-31 15:18:49.686335,Gasóleo A+,1.4008522101287275,1.468854744600996,1.536857279073264,camion
2021-06-30 15:18:49.686335,Gasóleo A,1.234692946110038,1.2996767853789875,1.364660624647937,autobus
2021-06-30 15:18:49.686335,Gasóleo A,1.221696178256248,1.2736832496714077,1.3386670889403571,camion
2021-06-30 15:18:49.686335,Gasóleo A+,1.364660624647937,1.4296444639168864,1.4946283031858354,autobus
2021-06-30 15:18:49.686335,Gasóleo A+,1.3386670889403571,1.4036509282093066,1.4686347674782556,camion
2021-07-31 15:18:49.686335,Gasóleo A,1.2984232896668337,1.3667613575440356,1.4350994254212375,autobus
2021-07-31 15:18:49.686335,Gasóleo A,1.2847556760913934,1.339426130393155,1.4077641982703568,camion
2021-07-31 15:18:49.686335,Gasóleo A+,1.4350994254212375,1.5034374932984393,1.5717755611756408,autobus
2021-07-31 15:18:49.686335,Gasóleo A+,1.4077641982703568,1.4761022661475585,1.54444033402476,camion
2021-08-31 15:18:49.686335,Gasóleo A,1.392279425982764,1.4655572905081726,1.5388351550335813,autobus
2021-08-31 15:18:49.686335,Gasóleo A,1.377623853077682,1.436246144698009,1.509524009223418,camion
2021-08-31 15:18:49.686335,Gasóleo A+,1.5388351550335813,1.6121130195589901,1.6853908840843983,autobus
2021-08-31 15:18:49.686335,Gasóleo A+,1.509524009223418,1.5828018737488265,1.656079738274235,camion
2021-09-30 15:18:49.686335,Gasóleo A,1.3682142295288315,1.4402255047671912,1.512236780005551,autobus
2021-09-30 15:18:49.686335,Gasóleo A,1.3538119744811596,1.4114209946718475,1.483432269910207,camion
2021-09-30 15:18:49.686335,Gasóleo A+,1.512236780005551,1.5842480552439104,1.6562593304822697,autobus
2021-09-30 15:18:49.686335,Gasóleo A+,1.483432269910207,1.5554435451485666,1.627454820386926,camion
2021-10-31 15:18:49.686335,Gasóleo A,1.4949298173486436,1.573610334051204,1.6522908507537644,autobus
2021-10-31 15:18:49.686335,Gasóleo A,1.4791937140081317,1.54213812737018,1.6208186440727401,camion
2021-10-31 15:18:49.686335,Gasóleo A+,1.6522908507537644,1.7309713674563245,1.8096518841588844,autobus
2021-10-31 15:18:49.686335,Gasóleo A+,1.6208186440727401,1.6994991607753005,1.7781796774778604,camion
2021-11-30 15:18:49.686335,Gasóleo A,1.3341370419236618,1.4043547809722756,1.4745725200208895,autobus
2021-11-30 15:18:49.686335,Gasóleo A,1.320093494113939,1.3762676853528302,1.446485424401444,camion
2021-11-30 15:18:49.686335,Gasóleo A+,1.4745725200208895,1.5447902590695033,1.615007998118117,autobus
2021-11-30 15:18:49.686335,Gasóleo A+,1.446485424401444,1.5167031634500578,1.5869209024986712,camion
2021-12-31 15:18:49.686335,Gasóleo A,1.5135361672771508,1.5931959655548957,1.6728557638326407,autobus
2021-12-31 15:18:49.686335,Gasóleo A,1.4976042076216018,1.5613320462437978,1.6409918445215426,camion
2021-12-31 15:18:49.686335,Gasóleo A+,1.6728557638326407,1.7525155621103854,1.83217536038813,autobus
2021-12-31 15:18:49.686335,Gasóleo A+,1.6409918445215426,1.7206516427992875,1.800311441077032,camion
2022-01-31 15:18:49.686335,Gasóleo A,1.469096224731087,1.5464170786643021,1.6237379325975172,autobus
2022-01-31 15:18:49.686335,Gasóleo A,1.4536320539444438,1.515488737091016,1.5928095910242313,camion
2022-01-31 15:18:49.686335,Gasóleo A+,1.6237379325975172,1.7010587865307325,1.7783796404639474,autobus
2022-01-31 15:18:49.686335,Gasóleo A+,1.5928095910242313,1.6701304449574463,1.7474512988906612,camion
2022-02-28 15:18:49.686335,Gasóleo A,1.4191795037940478,1.4938731618884713,1.5685668199828948,autobus
2022-02-28 15:18:49.686335,Gasóleo A,1.4042407721751629,1.463995698650702,1.5386893567451254,camion
2022-02-28 15:18:49.686335,Gasóleo A+,1.5685668199828948,1.6432604780773186,1.7179541361717419,autobus
2022-02-28 15:18:49.686335,Gasóleo A+,1.5386893567451254,1.6133830148395492,1.6880766729339725,camion
2022-03-31 15:18:49.686335,Gasóleo A,1.3934342671375375,1.4667729127763554,1.5401115584151732,autobus
2022-03-31 15:18:49.686335,Gasóleo A,1.378766538009774,1.4374374545208282,1.510776100159646,camion
2022-03-31 15:18:49.686335,Gasóleo A+,1.5401115584151732,1.613450204053991,1.6867888496928085,autobus
2022-03-31 15:18:49.686335,Gasóleo A+,1.510776100159646,1.584114745798464,1.6574533914372813,camion
2022-04-30 15:18:49.686335,Gasóleo A,1.2503593841194829,1.3161677727573504,1.381976161395218,autobus
2022-04-30 15:18:49.686335,Gasóleo A,1.2371977063919093,1.2898444173022034,1.355652805940071,camion
2022-04-30 15:18:49.686335,Gasóleo A+,1.381976161395218,1.4477845500330855,1.5135929386709528,autobus
2022-04-30 15:18:49.686335,Gasóleo A+,1.355652805940071,1.4214611945779385,1.4872695832158058,camion
2022-05-31 15:18:49.686335,Gasóleo A,1.3027553568421462,1.3713214282548907,1.4398874996676352,autobus
2022-05-31 15:18:49.686335,Gasóleo A,1.2890421425595973,1.3438949996897929,1.4124610711025374,camion
2022-05-31 15:18:49.686335,Gasóleo A+,1.4398874996676352,1.50845357108038,1.5770196424931242,autobus
2022-05-31 15:18:49.686335,Gasóleo A+,1.4124610711025374,1.4810271425152821,1.5495932139280264,camion
2022-06-30 15:18:49.686335,Gasóleo A,1.320618309331682,1.3901245361386125,1.4596307629455432,autobus
2022-06-30 15:18:49.686335,Gasóleo A,1.3067170639702956,1.3623220454158402,1.4318282722227709,camion
2022-06-30 15:18:49.686335,Gasóleo A+,1.4596307629455432,1.5291369897524738,1.5986432165594042,autobus
2022-06-30 15:18:49.686335,Gasóleo A+,1.4318282722227709,1.5013344990297017,1.570840725836632,camion
2022-07-31 15:18:49.686335,Gasóleo A,1.3897762932614983,1.4629224139594719,1.5360685346574454,autobus
2022-07-31 15:18:49.686335,Gasóleo A,1.3751470691219034,1.4336639656802823,1.506810086378256,camion
2022-07-31 15:18:49.686335,Gasóleo A+,1.5360685346574454,1.6092146553554192,1.6823607760533925,autobus
2022-07-31 15:18:49.686335,Gasóleo A+,1.506810086378256,1.5799562070762296,1.653102327774203,camion
2022-08-31 15:18:49.686335,Gasóleo A,1.3329241814387247,1.4030780857249734,1.473231990011222,autobus
2022-08-31 15:18:49.686335,Gasóleo A,1.318893400581475,1.375016524010474,1.4451704282967226,camion
2022-08-31 15:18:49.686335,Gasóleo A+,1.473231990011222,1.5433858942974708,1.6135397985837192,autobus
2022-08-31 15:18:49.686335,Gasóleo A+,1.4451704282967226,1.5153243325829713,1.5854782368692197,camion
2022-09-30 15:18:49.686335,Gasóleo A,1.3698318479802205,1.4419282610318112,1.5140246740834018,autobus
2022-09-30 15:18:49.686335,Gasóleo A,1.3554125653699025,1.413089695811175,1.4851861088627656,camion
2022-09-30 15:18:49.686335,Gasóleo A+,1.5140246740834018,1.5861210871349924,1.6582175001865826,autobus
2022-09-30 15:18:49.686335,Gasóleo A+,1.4851861088627656,1.5572825219143562,1.6293789349659464,camion
2022-10-31 15:18:49.686335,Gasóleo A,1.435095111858306,1.510626433535059,1.586157755211812,autobus
2022-10-31 15:18:49.686335,Gasóleo A,1.4199888475229554,1.4804139048643579,1.555945226541111,camion
2022-10-31 15:18:49.686335,Gasóleo A+,1.586157755211812,1.661689076888565,1.7372203985653176,autobus
2022-10-31 15:18:49.686335,Gasóleo A+,1.555945226541111,1.631476548217864,1.7070078698946165,camion
2022-11-30 15:18:49.686335,Gasóleo A,1.5403758626898658,1.6214482765156484,1.702520690341431,autobus
2022-11-30 15:18:49.686335,Gasóleo A,1.5241613799247093,1.5890193109853354,1.6700917248111178,camion
2022-11-30 15:18:49.686335,Gasóleo A+,1.702520690341431,1.7835931041672133,1.8646655179929954,autobus
2022-11-30 15:18:49.686335,Gasóleo A+,1.6700917248111178,1.7511641386369003,1.8322365524626825,camion
2022-12-31 15:18:49.686335,Gasóleo A,1.5284308037592553,1.6088745302729004,1.6893182567865455,autobus
2022-12-31 15:18:49.686335,Gasóleo A,1.5123420584565264,1.5766970396674425,1.6571407661810875,camion
2022-12-31 15:18:49.686335,Gasóleo A+,1.6893182567865455,1.7697619833001905,1.8502057098138354,autobus
2022-12-31 15:18:49.686335,Gasóleo A+,1.6571407661810875,1.7375844926947326,1.8180282192083772,camion
2023-01-31 15:18:49.686335,Gasóleo A,1.478117207041932,1.5559128495178232,1.6337084919937144,autobus
2023-01-31 15:18:49.686335,Gasóleo A,1.4625580785467538,1.5247945925274666,1.6025902350033578,camion
2023-01-31 15:18:49.686335,Gasóleo A+,1.6337084919937144,1.7115041344696056,1.7892997769454966,autobus
2023-01-31 15:18:49.686335,Gasóleo A+,1.6025902350033578,1.680385877479249,1.75818151995514,camion
2023-02-28 15:18:49.686335,Gasóleo A,1.4960818837451533,1.574823035521214,1.6535641872972748,autobus
2023-02-28 15:18:49.686335,Gasóleo A,1.4803336533899412,1.5433265748107898,1.6220677265868506,camion
2023-02-28 15:18:49.686335,Gasóleo A+,1.6535641872972748,1.7323053390733356,1.811046490849396,autobus
2023-02-28 15:18:49.686335,Gasóleo A+,1.6220677265868506,1.7008088783629114,1.7795500301389717,camion
2023-03-31 15:18:49.686335,Gasóleo A,1.432006141577225,1.5073748858707632,1.5827436301643014,autobus
2023-03-31 15:18:49.686335,Gasóleo A,1.4169323927185173,1.477227388153348,1.5525961324468862,camion
2023-03-31 15:18:49.686335,Gasóleo A+,1.5827436301643014,1.6581123744578397,1.7334811187513774,autobus
2023-03-31 15:18:49.686335,Gasóleo A+,1.5525961324468862,1.6279648767404244,1.7033336210339622,camion
2023-04-30 15:18:49.686335,Gasóleo A,1.42909887234443,1.5043146024678211,1.5795303325912122,autobus
2023-04-30 15:18:49.686335,Gasóleo A,1.4140557263197517,1.4742283104184646,1.5494440405418557,camion
2023-04-30 15:18:49.686335,Gasóleo A+,1.5795303325912122,1.6547460627146033,1.7299617928379942,autobus
2023-04-30 15:18:49.686335,Gasóleo A+,1.5494440405418557,1.6246597706652468,1.6998755007886377,camion
2023-05-31 15:18:49.686335,Gasóleo A,1.3181615772863464,1.3875385024066804,1.4569154275270144,autobus
2023-05-31 15:18:49.686335,Gasóleo A,1.3042861922622795,1.3597877323585468,1.4291646574788808,camion
2023-05-31 15:18:49.686335,Gasóleo A+,1.4569154275270144,1.5262923526473486,1.5956692777676824,autobus
2023-05-31 15:18:49.686335,Gasóleo A+,1.4291646574788808,1.498541582599215,1.5679185077195488,camion
2023-06-30 15:18:49.686335,Gasóleo A,1.3264108379525723,1.3962219346869182,1.4660330314212642,autobus
2023-06-30 15:18:49.686335,Gasóleo A,1.3124486186057032,1.36829749599318,1.438108592727526,camion
2023-06-30 15:18:49.686335,Gasóleo A+,1.4660330314212642,1.53584412815561,1.6056552248899558,autobus
2023-06-30 15:18:49.686335,Gasóleo A+,1.438108592727526,1.5079196894618718,1.5777307861962175,camion
2023-07-31 15:18:49.686335,Gasóleo A,1.3392705165935914,1.40975843851957,1.4802463604455487,autobus
2023-07-31 15:18:49.686335,Gasóleo A,1.3251729322083958,1.3815632697491786,1.4520511916751573,camion
2023-07-31 15:18:49.686335,Gasóleo A+,1.4802463604455487,1.550734282371527,1.6212222042975055,autobus
2023-07-31 15:18:49.686335,Gasóleo A+,1.4520511916751573,1.5225391136011357,1.593027035527114,camion
2023-08-31 15:18:49.686335,Gasóleo A,1.3263443845015395,1.3961519836858312,1.4659595828701228,autobus
2023-08-31 15:18:49.686335,Gasóleo A,1.3123828646646811,1.3682289440121145,1.4380365431964062,camion
2023-08-31 15:18:49.686335,Gasóleo A+,1.4659595828701228,1.5357671820544143,1.6055747812387058,autobus
2023-08-31 15:18:49.686335,Gasóleo A+,1.4380365431964062,1.5078441423806976,1.577651741564989,camion
2023-09-30 15:18:49.686335,Gasóleo A,1.4606203350093065,1.5374950894834807,1.6143698439576548,autobus
2023-09-30 15:18:49.686335,Gasóleo A,1.4452453841144717,1.506745187693811,1.583619942167985,camion
2023-09-30 15:18:49.686335,Gasóleo A+,1.6143698439576548,1.691244598431829,1.7681193529060026,autobus
2023-09-30 15:18:49.686335,Gasóleo A+,1.583619942167985,1.6604946966421592,1.737369451116333,camion
2023-10-31 15:18:49.686335,Gasóleo A,1.509648024588208,1.589103183777061,1.668558342965914,autobus
2023-10-31 15:18:49.686335,Gasóleo A,1.4937569927504373,1.5573211201015198,1.6367762792903728,camion
2023-10-31 15:18:49.686335,Gasóleo A+,1.668558342965914,1.7480135021547674,1.8274686613436202,autobus
2023-10-31 15:18:49.686335,Gasóleo A+,1.6367762792903728,1.716231438479226,1.795686597668079,camion
2023-11-30 15:18:49.686335,Gasóleo A,1.5354564790206264,1.6162699779164489,1.6970834768122713,autobus
2023-11-30 15:18:49.686335,Gasóleo A,1.5192937792414618,1.5839445783581199,1.6647580772539423,camion
2023-11-30 15:18:49.686335,Gasóleo A+,1.6970834768122713,1.777896975708094,1.858710474603916,autobus
2023-11-30 15:18:49.686335,Gasóleo A+,1.6647580772539423,1.745571576149765,1.826385075045587,camion
2023-12-31 15:18:49.686335,Gasóleo A,1.539991564946193,1.6210437525749402,1.7020959402036873,autobus
2023-12-31 15:18:49.686335,Gasóleo A,1.5237811274204436,1.5886228775234412,1.6696750651521883,camion
2023-12-31 15:18:49.686335,Gasóleo A+,1.7020959402036873,1.7831481278324344,1.864200315461181,autobus
2023-12-31 15:18:49.686335,Gasóleo A+,1.6696750651521883,1.7507272527809354,1.831779440409682,camion
2024-01-31 15:18:49.686335,Gasóleo A,1.4743700342045638,1.5519684570574357,1.6295668799103076,autobus
2024-01-31 15:18:49.686335,Gasóleo A,1.4588503496339895,1.520929087916287,1.5985275107691588,camion
2024-01-31 15:18:49.686335,Gasóleo A+,1.6295668799103076,1.7071653027631795,1.784763725616051,autobus
2024-01-31 15:18:49.686335,Gasóleo A+,1.5985275107691588,1.6761259336220307,1.753724356474902,camion
2024-02-29 15:18:49.686335,Gasóleo A,1.4900403555720065,1.5684635321810596,1.6468867087901127,autobus
2024-02-29 15:18:49.686335,Gasóleo A,1.474355720250196,1.5370942615374383,1.6155174381464914,camion
2024-02-29 15:18:49.686335,Gasóleo A+,1.6468867087901127,1.7253098853991657,1.8037330620082184,autobus
2024-02-29 15:18:49.686335,Gasóleo A+,1.6155174381464914,1.6939406147555445,1.772363791364597,camion
2024-03-31 15:18:49.686335,Gasóleo A,1.4494353461792646,1.5257214170308049,1.6020074878823451,autobus
2024-03-31 15:18:49.686335,Gasóleo A,1.4341781320089566,1.4952069886901889,1.5714930595417291,camion
2024-03-31 15:18:49.686335,Gasóleo A+,1.6020074878823451,1.6782935587338854,1.7545796295854255,autobus
2024-03-31 15:18:49.686335,Gasóleo A+,1.5714930595417291,1.6477791303932694,1.7240652012448094,camion
2024-04-30 15:18:49.686335,Gasóleo A,1.3832993927371833,1.4561046239338773,1.5289098551305713,autobus
2024-04-30 15:18:49.686335,Gasóleo A,1.3687383464978446,1.4269825314551998,1.4997877626518936,camion
2024-04-30 15:18:49.686335,Gasóleo A+,1.5289098551305713,1.6017150863272651,1.6745203175239587,autobus
2024-04-30 15:18:49.686335,Gasóleo A+,1.4997877626518936,1.5725929938485876,1.6453982250452812,camion
2024-05-31 15:18:49.686335,Gasóleo A,1.3821673556724774,1.454913005971029,1.5276586562695804,autobus
2024-05-31 15:18:49.686335,Gasóleo A,1.3676182256127671,1.4258147458516084,1.49856039615016,camion
2024-05-31 15:18:49.686335,Gasóleo A+,1.5276586562695804,1.600404306568132,1.6731499568666832,autobus
2024-05-31 15:18:49.686335,Gasóleo A+,1.49856039615016,1.5713060464487114,1.6440516967472625,camion
2024-06-30 15:18:49.686335,Gasóleo A,1.3994865333457491,1.473143719311315,1.546800905276881,autobus
2024-06-30 15:18:49.686335,Gasóleo A,1.384755096152636,1.4436808449250886,1.5173380308906546,camion
2024-06-30 15:18:49.686335,Gasóleo A+,1.546800905276881,1.6204580912424467,1.6941152772080121,autobus
2024-06-30 15:18:49.686335,Gasóleo A+,1.5173380308906546,1.5909952168562203,1.664652402821786,camion
2024-07-31 15:18:49.686335,Gasóleo A,1.4858088119059616,1.564009275690486,1.6422097394750104,autobus
2024-07-31 15:18:49.686335,Gasóleo A,1.4701687191490567,1.5327290901766761,1.6109295539612005,camion
2024-07-31 15:18:49.686335,Gasóleo A+,1.6422097394750104,1.7204102032595348,1.7986106670440587,autobus
2024-07-31 15:18:49.686335,Gasóleo A+,1.6109295539612005,1.689130017745725,1.767330481530249,camion
2024-08-31 15:18:49.686335,Gasóleo A,1.4424731183784194,1.5183927561878099,1.5943123939972004,autobus
2024-08-31 15:18:49.686335,Gasóleo A,1.4272891908165413,1.4880249010640536,1.5639445388734443,camion
2024-08-31 15:18:49.686335,Gasóleo A+,1.5943123939972004,1.670232031806591,1.7461516696159813,autobus
2024-08-31 15:18:49.686335,Gasóleo A+,1.5639445388734443,1.6398641766828348,1.715783814492225,camion
2024-09-30 15:18:49.686335,Gasóleo A,1.4971075931391629,1.5759027296201715,1.6546978661011802,autobus
2024-09-30 15:18:49.686335,Gasóleo A,1.4813485658429613,1.544384675027768,1.6231798115087768,camion
2024-09-30 15:18:49.686335,Gasóleo A+,1.6546978661011802,1.7334930025821889,1.812288139063197,autobus
2024-09-30 15:18:49.686335,Gasóleo A+,1.6231798115087768,1.7019749479897854,1.7807700844707937,camion
2024-10-31 15:18:49.686335,Gasóleo A,1.5320310458918627,1.6126642588335398,1.693297471775217,autobus
2024-10-31 15:18:49.686335,Gasóleo A,1.5159044033035274,1.580410973656869,1.6610441865985461,camion
2024-10-31 15:18:49.686335,Gasóleo A+,1.693297471775217,1.7739306847168939,1.8545638976585705,autobus
2024-10-31 15:18:49.686335,Gasóleo A+,1.6610441865985461,1.741677399540223,1.8223106124818997,camion
2024-11-30 15:18:49.686335,Gasóleo A,1.482391284834498,1.5604118787731558,1.6384324727118136,autobus
2024-11-30 15:18:49.686335,Gasóleo A,1.4667871660467664,1.5292036411976926,1.6072242351363506,camion
2024-11-30 15:18:49.686335,Gasóleo A+,1.6384324727118136,1.7164530666504716,1.794473660589129,autobus
2024-11-30 15:18:49.686335,Gasóleo A+,1.6072242351363506,1.6852448290750084,1.763265423013666,camion
2024-12-31 15:18:49.686335,Gasóleo A,1.5881943724287673,1.6717835499250182,1.7553727274212692,autobus
2024-12-31 15:18:49.686335,Gasóleo A,1.571476536929517,1.6383478789265178,1.7219370564227687,camion
2024-12-31 15:18:49.686335,Gasóleo A+,1.7553727274212692,1.83896190491752,1.9225510824137708,autobus
2024-12-31 15:18:49.686335,Gasóleo A+,1.7219370564227687,1.8055262339190197,1.8891154114152704,camion
2025-01-31 15:18:49.686335,Gasóleo A,1.58278040715525,1.6660846391107895,1.749388871066329,autobus
2025-01-31 15:18:49.686335,Gasóleo A,1.566119560764142,1.6327629463285738,1.7160671782841133,camion
2025-01-31 15:18:49.686335,Gasóleo A+,1.749388871066329,1.8326931030218687,1.9159973349774078,autobus
2025-01-31 15:18:49.686335,Gasóleo A+,1.7160671782841133,1.7993714102396527,1.882675642195192,camion
2025-02-28 15:18:49.686335,Gasóleo A,1.6653443364775047,1.7529940383973734,1.8406437403172422,autobus
2025-02-28 15:18:49.686335,Gasóleo A,1.647814396093531,1.717934157629426,1.8055838595492948,camion
2025-02-28 15:18:49.686335,Gasóleo A+,1.8406437403172422,1.928293442237111,2.0159431441569793,autobus
2025-02-28 15:18:49.686335,Gasóleo A+,1.8055838595492948,1.8932335614691636,1.9808832633890319,camion
2025-03-31 15:18:49.686335,Gasóleo A,1.4948964676182752,1.5735752290718688,1.6522539905254623,autobus
2025-03-31 15:18:49.686335,Gasóleo A,1.4791607153275566,1.5421037244904314,1.620782485944025,camion
2025-03-31 15:18:49.686335,Gasóleo A+,1.6522539905254623,1.7309327519790558,1.809611513432649,autobus
2025-03-31 15:18:49.686335,Gasóleo A+,1.620782485944025,1.6994612473976183,1.7781400088512116,camion
2025-04-30 15:18:49.686335,Gasóleo A,1.4740503895171486,1.5516319889654198,1.629213588413691,autobus
2025-04-30 15:18:49.686335,Gasóleo A,1.4585340696274944,1.5205993491861114,1.5981809486343823,camion
2025-04-30 15:18:49.686335,Gasóleo A+,1.629213588413691,1.7067951878619618,1.7843767873102325,autobus
2025-04-30 15:18:49.686335,Gasóleo A+,1.5981809486343823,1.6757625480826535,1.7533441475309242,camion
2025-05-31 15:18:49.686335,Gasóleo A,1.426498945646706,1.5015778375228486,1.576656729398991,autobus
2025-05-31 15:18:49.686335,Gasóleo A,1.4114831672714776,1.4715462807723916,1.546625172648534,camion
2025-05-31 15:18:49.686335,Gasóleo A+,1.576656729398991,1.6517356212751335,1.7268145131512758,autobus
2025-05-31 15:18:49.686335,Gasóleo A+,1.546625172648534,1.6217040645246765,1.6967829564008188,camion
2025-06-30 15:18:49.686335,Gasóleo A,1.3631012385912236,1.4348434090433932,1.506585579495563,autobus
2025-06-30 15:18:49.686335,Gasóleo A,1.3487528045007895,1.4061465408625253,1.477888711314695,camion
2025-06-30 15:18:49.686335,Gasóleo A+,1.506585579495563,1.5783277499477326,1.650069920399902,autobus
2025-06-30 15:18:49.686335,Gasóleo A+,1.477888711314695,1.5496308817668647,1.6213730522190342,camion
2025-07-31 15:18:49.686335,Gasóleo A,1.4888183930190173,1.567177255809492,1.6455361185999668,autobus
2025-07-31 15:18:49.686335,Gasóleo A,1.4731466204609225,1.5358337106933022,1.614192573483777,camion
2025-07-31 15:18:49.686335,Gasóleo A+,1.6455361185999668,1.7238949813904414,1.8022538441809157,autobus
2025-07-31 15:18:49.686335,Gasóleo A+,1.614192573483777,1.6925514362742515,1.7709102990647259,camion
2025-08-31 15:18:49.686335,Gasóleo A,1.5082168190526213,1.5875966516343383,1.6669764842160553,autobus
2025-08-31 15:18:49.686335,Gasóleo A,1.4923408525362778,1.5558447186016515,1.6352245511833685,camion
2025-08-31 15:18:49.686335,Gasóleo A+,1.6669764842160553,1.7463563167977723,1.8257361493794888,autobus
2025-08-31 15:18:49.686335,Gasóleo A+,1.6352245511833685,1.7146043837650855,1.793984216346802,camion
