fecha,tipo_recarga,precio_min_kwh,precio_medio_kwh,precio_max_kwh,tipo_vehiculo
2015-09-30 15:18:49.686335,Carga lenta (≤22kW),0.12829778903441064,0.146626044610755,0.1649543001870994,autobus
2015-09-30 15:18:49.686335,Carga rápida (22-50kW),0.21993906691613252,0.2565955780688213,0.29325208922151,autobus
2015-09-30 15:18:49.686335,Carga ultrarrápida (>50kW),0.3299086003741988,0.40322162267957634,0.4765346449849538,autobus
2015-09-30 15:18:49.686335,Carga lenta (≤22kW),0.11913366124623845,0.13746191682258282,0.1557901723989272,camion
2015-09-30 15:18:49.686335,Carga rápida (22-50kW),0.20161081133978817,0.2382673224924769,0.27492383364516565,camion
2015-09-30 15:18:49.686335,Carga ultrarrápida (>50kW),0.3115803447978544,0.36656511152688753,0.43987813383226504,camion
2015-10-31 15:18:49.686335,Carga lenta (≤22kW),0.055999999999999994,0.064,0.07200000000000001,autobus
2015-10-31 15:18:49.686335,Carga rápida (22-50kW),0.096,0.11199999999999999,0.128,autobus
2015-10-31 15:18:49.686335,Carga ultrarrápida (>50kW),0.14400000000000002,0.17600000000000002,0.20800000000000002,autobus
2015-10-31 15:18:49.686335,Carga lenta (≤22kW),0.052000000000000005,0.06,0.068,camion
2015-10-31 15:18:49.686335,Carga rápida (22-50kW),0.08800000000000001,0.10400000000000001,0.12,camion
2015-10-31 15:18:49.686335,Carga ultrarrápida (>50kW),0.136,0.16,0.192,camion
2015-11-30 15:18:49.686335,Carga lenta (≤22kW),0.19580854701546513,0.223781196589103,0.2517538461627409,autobus
2015-11-30 15:18:49.686335,Carga rápida (22-50kW),0.3356717948836545,0.39161709403093026,0.447562393178206,autobus
2015-11-30 15:18:49.686335,Carga ultrarrápida (>50kW),0.5035076923254818,0.6153982906200333,0.7272888889145848,autobus
2015-11-30 15:18:49.686335,Carga lenta (≤22kW),0.1818222222286462,0.20979487180228407,0.23776752137592194,camion
2015-11-30 15:18:49.686335,Carga rápida (22-50kW),0.30769914531001663,0.3636444444572924,0.41958974360456813,camion
2015-11-30 15:18:49.686335,Carga ultrarrápida (>50kW),0.4755350427518439,0.5594529914727575,0.671343589767309,camion
2015-12-31 15:18:49.686335,Carga lenta (≤22kW),0.055999999999999994,0.064,0.07200000000000001,autobus
2015-12-31 15:18:49.686335,Carga rápida (22-50kW),0.096,0.11199999999999999,0.128,autobus
2015-12-31 15:18:49.686335,Carga ultrarrápida (>50kW),0.14400000000000002,0.17600000000000002,0.20800000000000002,autobus
2015-12-31 15:18:49.686335,Carga lenta (≤22kW),0.052000000000000005,0.06,0.068,camion
2015-12-31 15:18:49.686335,Carga rápida (22-50kW),0.08800000000000001,0.10400000000000001,0.12,camion
2015-12-31 15:18:49.686335,Carga ultrarrápida (>50kW),0.136,0.16,0.192,camion
2016-01-31 15:18:49.686335,Carga lenta (≤22kW),0.15305723932644696,0.17492255923022512,0.19678787913400325,autobus
2016-01-31 15:18:49.686335,Carga rápida (22-50kW),0.26238383884533767,0.30611447865289393,0.34984511846045024,autobus
2016-01-31 15:18:49.686335,Carga ultrarrápida (>50kW),0.3935757582680065,0.4810370378831191,0.5684983174982317,autobus
2016-01-31 15:18:49.686335,Carga lenta (≤22kW),0.1421245793745579,0.16398989927833604,0.18585521918211417,camion
2016-01-31 15:18:49.686335,Carga rápida (22-50kW),0.24051851894155954,0.2842491587491158,0.3279797985566721,camion
2016-01-31 15:18:49.686335,Carga ultrarrápida (>50kW),0.37171043836422835,0.43730639807556276,0.5247676776906753,camion
2016-02-29 15:18:49.686335,Carga lenta (≤22kW),0.23151845622182934,0.2645925213963764,0.2976665865709235,autobus
2016-02-29 15:18:49.686335,Carga rápida (22-50kW),0.39688878209456463,0.4630369124436587,0.5291850427927528,autobus
2016-02-29 15:18:49.686335,Carga ultrarrápida (>50kW),0.595333173141847,0.7276294338400352,0.8599256945382233,autobus
2016-02-29 15:18:49.686335,Carga lenta (≤22kW),0.21498142363455583,0.2480554888091029,0.2811295539836499,camion
2016-02-29 15:18:49.686335,Carga rápida (22-50kW),0.3638147169200176,0.42996284726911166,0.4961109776182058,camion
2016-02-29 15:18:49.686335,Carga ultrarrápida (>50kW),0.5622591079672998,0.661481303490941,0.7937775641891293,camion
2016-03-31 15:18:49.686335,Carga lenta (≤22kW),0.055999999999999994,0.064,0.07200000000000001,autobus
2016-03-31 15:18:49.686335,Carga rápida (22-50kW),0.096,0.11199999999999999,0.128,autobus
2016-03-31 15:18:49.686335,Carga ultrarrápida (>50kW),0.14400000000000002,0.17600000000000002,0.20800000000000002,autobus
2016-03-31 15:18:49.686335,Carga lenta (≤22kW),0.052000000000000005,0.06,0.068,camion
2016-03-31 15:18:49.686335,Carga rápida (22-50kW),0.08800000000000001,0.10400000000000001,0.12,camion
2016-03-31 15:18:49.686335,Carga ultrarrápida (>50kW),0.136,0.16,0.192,camion
2016-04-30 15:18:49.686335,Carga lenta (≤22kW),0.055999999999999994,0.064,0.07200000000000001,autobus
2016-04-30 15:18:49.686335,Carga rápida (22-50kW),0.096,0.11199999999999999,0.128,autobus
2016-04-30 15:18:49.686335,Carga ultrarrápida (>50kW),0.14400000000000002,0.17600000000000002,0.20800000000000002,autobus
2016-04-30 15:18:49.686335,Carga lenta (≤22kW),0.052000000000000005,0.06,0.068,camion
2016-04-30 15:18:49.686335,Carga rápida (22-50kW),0.08800000000000001,0.10400000000000001,0.12,camion
2016-04-30 15:18:49.686335,Carga ultrarrápida (>50kW),0.136,0.16,0.192,camion
2016-05-31 15:18:49.686335,Carga lenta (≤22kW),0.0710342931948055,0.081182049365492,0.0913298055361785,autobus
2016-05-31 15:18:49.686335,Carga rápida (22-50kW),0.121773074048238,0.142068586389611,0.162364098730984,autobus
2016-05-31 15:18:49.686335,Carga ultrarrápida (>50kW),0.182659611072357,0.22325063575510304,0.263841660437849,autobus
2016-05-31 15:18:49.686335,Carga lenta (≤22kW),0.06596041510946225,0.07610817128014875,0.08625592745083525,camion
2016-05-31 15:18:49.686335,Carga rápida (22-50kW),0.11162531787755152,0.1319208302189245,0.1522163425602975,camion
2016-05-31 15:18:49.686335,Carga ultrarrápida (>50kW),0.1725118549016705,0.20295512341373,0.243546148096476,camion
2016-06-30 15:18:49.686335,Carga lenta (≤22kW),0.055999999999999994,0.064,0.07200000000000001,autobus
2016-06-30 15:18:49.686335,Carga rápida (22-50kW),0.096,0.11199999999999999,0.128,autobus
2016-06-30 15:18:49.686335,Carga ultrarrápida (>50kW),0.14400000000000002,0.17600000000000002,0.20800000000000002,autobus
2016-06-30 15:18:49.686335,Carga lenta (≤22kW),0.052000000000000005,0.06,0.068,camion
2016-06-30 15:18:49.686335,Carga rápida (22-50kW),0.08800000000000001,0.10400000000000001,0.12,camion
2016-06-30 15:18:49.686335,Carga ultrarrápida (>50kW),0.136,0.16,0.192,camion
2016-07-31 15:18:49.686335,Carga lenta (≤22kW),0.055999999999999994,0.064,0.07200000000000001,autobus
2016-07-31 15:18:49.686335,Carga rápida (22-50kW),0.096,0.11199999999999999,0.128,autobus
2016-07-31 15:18:49.686335,Carga ultrarrápida (>50kW),0.14400000000000002,0.17600000000000002,0.20800000000000002,autobus
2016-07-31 15:18:49.686335,Carga lenta (≤22kW),0.052000000000000005,0.06,0.068,camion
2016-07-31 15:18:49.686335,Carga rápida (22-50kW),0.08800000000000001,0.10400000000000001,0.12,camion
2016-07-31 15:18:49.686335,Carga ultrarrápida (>50kW),0.136,0.16,0.192,camion
2016-08-31 15:18:49.686335,Carga lenta (≤22kW),0.08651599717737281,0.09887542534556892,0.11123485351376504,autobus
2016-08-31 15:18:49.686335,Carga rápida (22-50kW),0.14831313801835339,0.17303199435474562,0.19775085069113785,autobus
2016-08-31 15:18:49.686335,Carga ultrarrápida (>50kW),0.22246970702753008,0.27190741970031457,0.32134513237309903,autobus
2016-08-31 15:18:49.686335,Carga lenta (≤22kW),0.08033628309327476,0.09269571126147086,0.10505513942966697,camion
2016-08-31 15:18:49.686335,Carga rápida (22-50kW),0.13595370985015728,0.16067256618654951,0.18539142252294172,camion
2016-08-31 15:18:49.686335,Carga ultrarrápida (>50kW),0.21011027885933395,0.2471885633639223,0.29662627603670677,camion
2016-09-30 15:18:49.686335,Carga lenta (≤22kW),0.055999999999999994,0.064,0.07200000000000001,autobus
2016-09-30 15:18:49.686335,Carga rápida (22-50kW),0.096,0.11199999999999999,0.128,autobus
2016-09-30 15:18:49.686335,Carga ultrarrápida (>50kW),0.14400000000000002,0.17600000000000002,0.20800000000000002,autobus
2016-09-30 15:18:49.686335,Carga lenta (≤22kW),0.052000000000000005,0.06,0.068,camion
2016-09-30 15:18:49.686335,Carga rápida (22-50kW),0.08800000000000001,0.10400000000000001,0.12,camion
2016-09-30 15:18:49.686335,Carga ultrarrápida (>50kW),0.136,0.16,0.192,camion
2016-10-31 15:18:49.686335,Carga lenta (≤22kW),0.1471388231743937,0.16815865505644997,0.1891784869385062,autobus
2016-10-31 15:18:49.686335,Carga rápida (22-50kW),0.25223798258467495,0.2942776463487874,0.33631731011289995,autobus
2016-10-31 15:18:49.686335,Carga ultrarrápida (>50kW),0.3783569738770124,0.4624363014052374,0.5465156289334624,autobus
2016-10-31 15:18:49.686335,Carga lenta (≤22kW),0.1366289072333656,0.15764873911542182,0.17866857099747807,camion
2016-10-31 15:18:49.686335,Carga rápida (22-50kW),0.2312181507026187,0.2732578144667312,0.31529747823084364,camion
2016-10-31 15:18:49.686335,Carga ultrarrápida (>50kW),0.35733714199495614,0.4203966376411249,0.5044759651693499,camion
2016-11-30 15:18:49.686335,Carga lenta (≤22kW),0.08341136730948001,0.09532727692512002,0.10724318654076002,autobus
2016-11-30 15:18:49.686335,Carga rápida (22-50kW),0.14299091538768002,0.16682273461896002,0.19065455385024005,autobus
2016-11-30 15:18:49.686335,Carga ultrarrápida (>50kW),0.21448637308152005,0.2621500115440801,0.3098136500066401,autobus
2016-11-30 15:18:49.686335,Carga lenta (≤22kW),0.07745341250166002,0.08936932211730002,0.10128523173294002,camion
2016-11-30 15:18:49.686335,Carga rápida (22-50kW),0.13107500577204004,0.15490682500332004,0.17873864423460004,camion
2016-11-30 15:18:49.686335,Carga ultrarrápida (>50kW),0.20257046346588004,0.23831819231280005,0.28598183077536005,camion
2016-12-31 15:18:49.686335,Carga lenta (≤22kW),0.22785515021039396,0.26040588595473596,0.292956621699078,autobus
2016-12-31 15:18:49.686335,Carga rápida (22-50kW),0.39060882893210397,0.4557103004207879,0.5208117719094719,autobus
2016-12-31 15:18:49.686335,Carga ultrarrápida (>50kW),0.585913243398156,0.716116186375524,0.8463191293528919,autobus
2016-12-31 15:18:49.686335,Carga lenta (≤22kW),0.21157978233822297,0.24413051808256497,0.27668125382690695,camion
2016-12-31 15:18:49.686335,Carga rápida (22-50kW),0.358058093187762,0.42315956467644594,0.48826103616512995,camion
2016-12-31 15:18:49.686335,Carga ultrarrápida (>50kW),0.5533625076538139,0.6510147148868399,0.7812176578642079,camion
2017-01-31 15:18:49.686335,Carga lenta (≤22kW),0.09397811652633198,0.10740356174437943,0.12082900696242685,autobus
2017-01-31 15:18:49.686335,Carga rápida (22-50kW),0.1611053426165691,0.18795623305266396,0.21480712348875886,autobus
2017-01-31 15:18:49.686335,Carga ultrarrápida (>50kW),0.2416580139248537,0.29535979479704344,0.3490615756692331,autobus
2017-01-31 15:18:49.686335,Carga lenta (≤22kW),0.08726539391730828,0.1006908391353557,0.11411628435340312,camion
2017-01-31 15:18:49.686335,Carga rápida (22-50kW),0.14767989739852172,0.17453078783461656,0.2013816782707114,camion
2017-01-31 15:18:49.686335,Carga ultrarrápida (>50kW),0.22823256870680625,0.26850890436094854,0.3222106852331382,camion
2017-02-28 15:18:49.686335,Carga lenta (≤22kW),0.10846455509248214,0.12395949153426532,0.13945442797604848,autobus
2017-02-28 15:18:49.686335,Carga rápida (22-50kW),0.18593923730139797,0.21692911018496427,0.24791898306853064,autobus
2017-02-28 15:18:49.686335,Carga ultrarrápida (>50kW),0.27890885595209697,0.34088860171922963,0.40286834748636224,autobus
2017-02-28 15:18:49.686335,Carga lenta (≤22kW),0.10071708687159056,0.11621202331337373,0.1317069597551569,camion
2017-02-28 15:18:49.686335,Carga rápida (22-50kW),0.17044430085961482,0.20143417374318112,0.23242404662674745,camion
2017-02-28 15:18:49.686335,Carga ultrarrápida (>50kW),0.2634139195103138,0.3098987288356633,0.37187847460279594,camion
2017-03-31 15:18:49.686335,Carga lenta (≤22kW),0.15602755240799565,0.17831720275199503,0.2006068530959944,autobus
2017-03-31 15:18:49.686335,Carga rápida (22-50kW),0.26747580412799254,0.3120551048159913,0.35663440550399006,autobus
2017-03-31 15:18:49.686335,Carga ultrarrápida (>50kW),0.4012137061919888,0.4903723075679864,0.5795309089439838,autobus
2017-03-31 15:18:49.686335,Carga lenta (≤22kW),0.14488272723599596,0.16717237757999534,0.18946202792399472,camion
2017-03-31 15:18:49.686335,Carga rápida (22-50kW),0.2451861537839932,0.2897654544719919,0.3343447551599907,camion
2017-03-31 15:18:49.686335,Carga ultrarrápida (>50kW),0.37892405584798944,0.4457930068799876,0.5349516082559851,camion
2017-04-30 15:18:49.686335,Carga lenta (≤22kW),0.055999999999999994,0.064,0.07200000000000001,autobus
2017-04-30 15:18:49.686335,Carga rápida (22-50kW),0.096,0.11199999999999999,0.128,autobus
2017-04-30 15:18:49.686335,Carga ultrarrápida (>50kW),0.14400000000000002,0.17600000000000002,0.20800000000000002,autobus
2017-04-30 15:18:49.686335,Carga lenta (≤22kW),0.052000000000000005,0.06,0.068,camion
2017-04-30 15:18:49.686335,Carga rápida (22-50kW),0.08800000000000001,0.10400000000000001,0.12,camion
2017-04-30 15:18:49.686335,Carga ultrarrápida (>50kW),0.136,0.16,0.192,camion
2017-05-31 15:18:49.686335,Carga lenta (≤22kW),0.09583863191125823,0.10952986504143798,0.12322109817161774,autobus
2017-05-31 15:18:49.686335,Carga rápida (22-50kW),0.16429479756215695,0.19167726382251646,0.21905973008287596,autobus
2017-05-31 15:18:49.686335,Carga ultrarrápida (>50kW),0.24644219634323547,0.30120712886395445,0.35597206138467347,autobus
2017-05-31 15:18:49.686335,Carga lenta (≤22kW),0.08899301534616837,0.1026842484763481,0.11637548160652784,camion
2017-05-31 15:18:49.686335,Carga rápida (22-50kW),0.15060356443197723,0.17798603069233673,0.2053684969526962,camion
2017-05-31 15:18:49.686335,Carga ultrarrápida (>50kW),0.2327509632130557,0.27382466260359495,0.3285895951243139,camion
2017-06-30 15:18:49.686335,Carga lenta (≤22kW),0.15308234718099245,0.17495125392113425,0.19682016066127603,autobus
2017-06-30 15:18:49.686335,Carga rápida (22-50kW),0.26242688088170135,0.3061646943619849,0.3499025078422685,autobus
2017-06-30 15:18:49.686335,Carga ultrarrápida (>50kW),0.39364032132255206,0.4811159482831192,0.5685915752436863,autobus
2017-06-30 15:18:49.686335,Carga lenta (≤22kW),0.14214789381092158,0.16401680055106335,0.18588570729120513,camion
2017-06-30 15:18:49.686335,Carga rápida (22-50kW),0.2405579741415596,0.28429578762184315,0.3280336011021267,camion
2017-06-30 15:18:49.686335,Carga ultrarrápida (>50kW),0.37177141458241025,0.4373781348028356,0.5248537617634027,camion
2017-07-31 15:18:49.686335,Carga lenta (≤22kW),0.055999999999999994,0.064,0.07200000000000001,autobus
2017-07-31 15:18:49.686335,Carga rápida (22-50kW),0.096,0.11199999999999999,0.128,autobus
2017-07-31 15:18:49.686335,Carga ultrarrápida (>50kW),0.14400000000000002,0.17600000000000002,0.20800000000000002,autobus
2017-07-31 15:18:49.686335,Carga lenta (≤22kW),0.052000000000000005,0.06,0.068,camion
2017-07-31 15:18:49.686335,Carga rápida (22-50kW),0.08800000000000001,0.10400000000000001,0.12,camion
2017-07-31 15:18:49.686335,Carga ultrarrápida (>50kW),0.136,0.16,0.192,camion
2017-08-31 15:18:49.686335,Carga lenta (≤22kW),0.11066302548957367,0.12647202913094135,0.14228103277230902,autobus
2017-08-31 15:18:49.686335,Carga rápida (22-50kW),0.18970804369641203,0.22132605097914734,0.2529440582618827,autobus
2017-08-31 15:18:49.686335,Carga ultrarrápida (>50kW),0.28456206554461805,0.3477980801100888,0.4110340946755594,autobus
2017-08-31 15:18:49.686335,Carga lenta (≤22kW),0.10275852366888985,0.11856752731025752,0.1343765309516252,camion
2017-08-31 15:18:49.686335,Carga rápida (22-50kW),0.1738990400550444,0.2055170473377797,0.23713505462051504,camion
2017-08-31 15:18:49.686335,Carga ultrarrápida (>50kW),0.2687530619032504,0.3161800728273534,0.37941608739282406,camion
2017-09-30 15:18:49.686335,Carga lenta (≤22kW),0.13384755412497049,0.15296863328568058,0.17208971244639065,autobus
2017-09-30 15:18:49.686335,Carga rápida (22-50kW),0.22945294992852086,0.26769510824994097,0.30593726657136117,autobus
2017-09-30 15:18:49.686335,Carga ultrarrápida (>50kW),0.3441794248927813,0.42066374153562164,0.4971480581784619,autobus
2017-09-30 15:18:49.686335,Carga lenta (≤22kW),0.12428701454461548,0.14340809370532553,0.1625291728660356,camion
2017-09-30 15:18:49.686335,Carga rápida (22-50kW),0.21033187076781082,0.24857402908923096,0.28681618741065107,camion
2017-09-30 15:18:49.686335,Carga ultrarrápida (>50kW),0.3250583457320712,0.38242158321420144,0.4589058998570417,camion
2017-10-31 15:18:49.686335,Carga lenta (≤22kW),0.18204678670188235,0.20805347051643697,0.2340601543309916,autobus
2017-10-31 15:18:49.686335,Carga rápida (22-50kW),0.31208020577465545,0.3640935734037647,0.41610694103287393,autobus
2017-10-31 15:18:49.686335,Carga ultrarrápida (>50kW),0.4681203086619832,0.5721470439202017,0.6761737791784201,autobus
2017-10-31 15:18:49.686335,Carga lenta (≤22kW),0.16904344479460504,0.19505012860915966,0.22105681242371428,camion
2017-10-31 15:18:49.686335,Carga rápida (22-50kW),0.28607352196010083,0.33808688958921007,0.3901002572183193,camion
2017-10-31 15:18:49.686335,Carga ultrarrápida (>50kW),0.44211362484742855,0.5201336762910924,0.6241604115493109,camion
2017-11-30 15:18:49.686335,Carga lenta (≤22kW),0.08327694344092983,0.09517364964677695,0.10707035585262407,autobus
2017-11-30 15:18:49.686335,Carga rápida (22-50kW),0.1427604744701654,0.16655388688185965,0.1903472992935539,autobus
2017-11-30 15:18:49.686335,Carga ultrarrápida (>50kW),0.21414071170524815,0.2617275365286366,0.3093143613520251,autobus
2017-11-30 15:18:49.686335,Carga lenta (≤22kW),0.07732859033800628,0.08922529654385339,0.1011220027497005,camion
2017-11-30 15:18:49.686335,Carga rápida (22-50kW),0.1308637682643183,0.15465718067601256,0.17845059308770678,camion
2017-11-30 15:18:49.686335,Carga ultrarrápida (>50kW),0.202244005499401,0.23793412411694237,0.2855209489403308,camion
2017-12-31 15:18:49.686335,Carga lenta (≤22kW),0.0847603120202217,0.09686892802311053,0.10897754402599934,autobus
2017-12-31 15:18:49.686335,Carga rápida (22-50kW),0.14530339203466577,0.1695206240404434,0.19373785604622107,autobus
2017-12-31 15:18:49.686335,Carga ultrarrápida (>50kW),0.21795508805199867,0.26638955206355397,0.31482401607510924,autobus
2017-12-31 15:18:49.686335,Carga lenta (≤22kW),0.07870600401877731,0.09081462002166611,0.10292323602455493,camion
2017-12-31 15:18:49.686335,Carga rápida (22-50kW),0.13319477603177698,0.15741200803755462,0.18162924004333222,camion
2017-12-31 15:18:49.686335,Carga ultrarrápida (>50kW),0.20584647204910986,0.2421723200577763,0.29060678406933155,camion
2018-01-31 15:18:49.686335,Carga lenta (≤22kW),0.18471608739523696,0.21110409988027082,0.23749211236530468,autobus
2018-01-31 15:18:49.686335,Carga rápida (22-50kW),0.3166561498204062,0.3694321747904739,0.42220819976054164,autobus
2018-01-31 15:18:49.686335,Carga ultrarrápida (>50kW),0.47498422473060936,0.5805362746707448,0.6860883246108802,autobus
2018-01-31 15:18:49.686335,Carga lenta (≤22kW),0.17152208115272005,0.1979100936377539,0.22429810612278772,camion
2018-01-31 15:18:49.686335,Carga rápida (22-50kW),0.2902681373353724,0.3430441623054401,0.3958201872755078,camion
2018-01-31 15:18:49.686335,Carga ultrarrápida (>50kW),0.44859621224557544,0.527760249700677,0.6333122996408124,camion
2018-02-28 15:18:49.686335,Carga lenta (≤22kW),0.16077820052458783,0.18374651488524324,0.20671482924589862,autobus
2018-02-28 15:18:49.686335,Carga rápida (22-50kW),0.27561977232786483,0.32155640104917566,0.3674930297704865,autobus
2018-02-28 15:18:49.686335,Carga ultrarrápida (>50kW),0.41342965849179725,0.5053029159344189,0.5971761733770405,autobus
2018-02-28 15:18:49.686335,Carga lenta (≤22kW),0.14929404334426014,0.17226235770491552,0.19523067206557093,camion
2018-02-28 15:18:49.686335,Carga rápida (22-50kW),0.25265145796720945,0.29858808668852027,0.34452471540983104,camion
2018-02-28 15:18:49.686335,Carga ultrarrápida (>50kW),0.39046134413114186,0.45936628721310807,0.5512395446557297,camion
2018-03-31 15:18:49.686335,Carga lenta (≤22kW),0.14214524667819267,0.16245171048936308,0.18275817430053345,autobus
2018-03-31 15:18:49.686335,Carga rápida (22-50kW),0.2436775657340446,0.28429049335638534,0.32490342097872615,autobus
2018-03-31 15:18:49.686335,Carga ultrarrápida (>50kW),0.3655163486010669,0.4467422038457485,0.52796805909043,autobus
2018-03-31 15:18:49.686335,Carga lenta (≤22kW),0.1319920147726075,0.15229847858377787,0.17260494239494825,camion
2018-03-31 15:18:49.686335,Carga rápida (22-50kW),0.22337110192287424,0.263984029545215,0.30459695716755575,camion
2018-03-31 15:18:49.686335,Carga ultrarrápida (>50kW),0.3452098847898965,0.40612927622340766,0.4873551314680892,camion
2018-04-30 15:18:49.686335,Carga lenta (≤22kW),0.1314893350259483,0.15027352574394093,0.16905771646193354,autobus
2018-04-30 15:18:49.686335,Carga rápida (22-50kW),0.2254102886159114,0.2629786700518966,0.30054705148788186,autobus
2018-04-30 15:18:49.686335,Carga ultrarrápida (>50kW),0.3381154329238671,0.4132521957958376,0.488388958667808,autobus
2018-04-30 15:18:49.686335,Carga lenta (≤22kW),0.122097239666952,0.1408814303849446,0.15966562110293722,camion
2018-04-30 15:18:49.686335,Carga rápida (22-50kW),0.2066260978979188,0.244194479333904,0.2817628607698892,camion
2018-04-30 15:18:49.686335,Carga ultrarrápida (>50kW),0.31933124220587444,0.3756838143598523,0.4508205772318228,camion
2018-05-31 15:18:49.686335,Carga lenta (≤22kW),0.06266654998856094,0.07161891427264108,0.08057127855672121,autobus
2018-05-31 15:18:49.686335,Carga rápida (22-50kW),0.10742837140896161,0.1253330999771219,0.14323782854528216,autobus
2018-05-31 15:18:49.686335,Carga ultrarrápida (>50kW),0.16114255711344241,0.19695201424976297,0.2327614713860835,autobus
2018-05-31 15:18:49.686335,Carga lenta (≤22kW),0.058190367846520874,0.06714273213060101,0.07609509641468114,camion
2018-05-31 15:18:49.686335,Carga rápida (22-50kW),0.09847600712488148,0.11638073569304175,0.13428546426120203,camion
2018-05-31 15:18:49.686335,Carga ultrarrápida (>50kW),0.15219019282936228,0.1790472856816027,0.21485674281792322,camion
2018-06-30 15:18:49.686335,Carga lenta (≤22kW),0.11053561880572206,0.1263264214922538,0.14211722417878553,autobus
2018-06-30 15:18:49.686335,Carga rápida (22-50kW),0.1894896322383807,0.22107123761144412,0.2526528429845076,autobus
2018-06-30 15:18:49.686335,Carga ultrarrápida (>50kW),0.28423444835757106,0.34739765910369796,0.4105608698498248,autobus
2018-06-30 15:18:49.686335,Carga lenta (≤22kW),0.1026402174624562,0.11843102014898793,0.13422182283551964,camion
2018-06-30 15:18:49.686335,Carga rápida (22-50kW),0.17369882955184898,0.2052804349249124,0.23686204029797586,camion
2018-06-30 15:18:49.686335,Carga ultrarrápida (>50kW),0.2684436456710393,0.3158160537306345,0.3789792644767614,camion
2018-07-31 15:18:49.686335,Carga lenta (≤22kW),0.12010116937227079,0.1372584792825952,0.1544157891929196,autobus
2018-07-31 15:18:49.686335,Carga rápida (22-50kW),0.2058877189238928,0.24020233874454158,0.2745169585651904,autobus
2018-07-31 15:18:49.686335,Carga ultrarrápida (>50kW),0.3088315783858392,0.3774608180271368,0.4460900576684344,autobus
2018-07-31 15:18:49.686335,Carga lenta (≤22kW),0.1115225144171086,0.128679824327433,0.1458371342377574,camion
2018-07-31 15:18:49.686335,Carga rápida (22-50kW),0.1887304090135684,0.2230450288342172,0.257359648654866,camion
2018-07-31 15:18:49.686335,Carga ultrarrápida (>50kW),0.2916742684755148,0.343146198206488,0.4117754378477856,camion
2018-08-31 15:18:49.686335,Carga lenta (≤22kW),0.0779669088258175,0.08910503865807716,0.10024316849033679,autobus
2018-08-31 15:18:49.686335,Carga rápida (22-50kW),0.13365755798711573,0.155933817651635,0.17821007731615432,autobus
2018-08-31 15:18:49.686335,Carga ultrarrápida (>50kW),0.20048633698067359,0.2450388563097122,0.28959137563875076,autobus
2018-08-31 15:18:49.686335,Carga lenta (≤22kW),0.07239784390968769,0.08353597374194732,0.09467410357420697,camion
2018-08-31 15:18:49.686335,Carga rápida (22-50kW),0.1225194281548561,0.14479568781937538,0.16707194748389465,camion
2018-08-31 15:18:49.686335,Carga ultrarrápida (>50kW),0.18934820714841394,0.22276259664519288,0.26731511597423147,camion
2018-09-30 15:18:49.686335,Carga lenta (≤22kW),0.24142454909469457,0.27591377039393666,0.31040299169317875,autobus
2018-09-30 15:18:49.686335,Carga rápida (22-50kW),0.413870655590905,0.48284909818938915,0.5518275407878733,autobus
2018-09-30 15:18:49.686335,Carga ultrarrápida (>50kW),0.6208059833863575,0.7587628685833259,0.8967197537802942,autobus
2018-09-30 15:18:49.686335,Carga lenta (≤22kW),0.22417993844507356,0.25866915974431565,0.29315838104355774,camion
2018-09-30 15:18:49.686335,Carga rápida (22-50kW),0.37938143429166293,0.4483598768901471,0.5173383194886313,camion
2018-09-30 15:18:49.686335,Carga ultrarrápida (>50kW),0.5863167620871155,0.6897844259848417,0.82774131118181,camion
2018-10-31 15:18:49.686335,Carga lenta (≤22kW),0.18244640827694242,0.20851018088793422,0.23457395349892599,autobus
2018-10-31 15:18:49.686335,Carga rápida (22-50kW),0.3127652713319013,0.36489281655388484,0.41702036177586843,autobus
2018-10-31 15:18:49.686335,Carga ultrarrápida (>50kW),0.46914790699785197,0.5734029974418191,0.6776580878857862,autobus
2018-10-31 15:18:49.686335,Carga lenta (≤22kW),0.16941452197144655,0.19547829458243832,0.2215420671934301,camion
2018-10-31 15:18:49.686335,Carga rápida (22-50kW),0.28670149872090955,0.3388290439428931,0.39095658916487663,camion
2018-10-31 15:18:49.686335,Carga ultrarrápida (>50kW),0.4430841343868602,0.5212754522198355,0.6255305426638026,camion
2018-11-30 15:18:49.686335,Carga lenta (≤22kW),0.10348024623028346,0.11826313854889539,0.13304603086750733,autobus
2018-11-30 15:18:49.686335,Carga rápida (22-50kW),0.17739470782334307,0.2069604924605669,0.23652627709779078,autobus
2018-11-30 15:18:49.686335,Carga ultrarrápida (>50kW),0.26609206173501465,0.32522363100946233,0.38435520028391,autobus
2018-11-30 15:18:49.686335,Carga lenta (≤22kW),0.0960888000709775,0.11087169238958942,0.12565458470820134,camion
2018-11-30 15:18:49.686335,Carga rápida (22-50kW),0.16261181550473117,0.192177600141955,0.22174338477917885,camion
2018-11-30 15:18:49.686335,Carga ultrarrápida (>50kW),0.2513091694164027,0.29565784637223846,0.35478941564668615,camion
2018-12-31 15:18:49.686335,Carga lenta (≤22kW),0.213119943259965,0.24356564943996004,0.27401135561995504,autobus
2018-12-31 15:18:49.686335,Carga rápida (22-50kW),0.36534847415994004,0.42623988651993,0.48713129887992007,autobus
2018-12-31 15:18:49.686335,Carga ultrarrápida (>50kW),0.5480227112399101,0.6698055359598901,0.79158836067987,autobus
2018-12-31 15:18:49.686335,Carga lenta (≤22kW),0.1978970901699675,0.22834279634996252,0.2587885025299575,camion
2018-12-31 15:18:49.686335,Carga rápida (22-50kW),0.33490276797994506,0.395794180339935,0.45668559269992504,camion
2018-12-31 15:18:49.686335,Carga ultrarrápida (>50kW),0.517577005059915,0.6089141235999,0.7306969483198801,camion
2019-01-31 15:18:49.686335,Carga lenta (≤22kW),0.11855224501149,0.13548828001313146,0.15242431501477288,autobus
2019-01-31 15:18:49.686335,Carga rápida (22-50kW),0.20323242001969716,0.23710449002298,0.2709765600262629,autobus
2019-01-31 15:18:49.686335,Carga ultrarrápida (>50kW),0.30484863002954576,0.3725927700361115,0.4403369100426772,autobus
2019-01-31 15:18:49.686335,Carga lenta (≤22kW),0.1100842275106693,0.12702026251231074,0.14395629751395217,camion
2019-01-31 15:18:49.686335,Carga rápida (22-50kW),0.18629638501805576,0.2201684550213386,0.2540405250246215,camion
2019-01-31 15:18:49.686335,Carga ultrarrápida (>50kW),0.28791259502790434,0.3387207000328286,0.4064648400393943,camion
2019-02-28 15:18:49.686335,Carga lenta (≤22kW),0.20587085545663625,0.23528097766472716,0.2646910998728181,autobus
2019-02-28 15:18:49.686335,Carga rápida (22-50kW),0.3529214664970907,0.4117417109132725,0.47056195532945433,autobus
2019-02-28 15:18:49.686335,Carga ultrarrápida (>50kW),0.5293821997456362,0.6470226885779997,0.7646631774103633,autobus
2019-02-28 15:18:49.686335,Carga lenta (≤22kW),0.19116579435259082,0.2205759165606817,0.2499860387687726,camion
2019-02-28 15:18:49.686335,Carga rápida (22-50kW),0.32351134428899986,0.38233158870518164,0.4411518331213634,camion
2019-02-28 15:18:49.686335,Carga ultrarrápida (>50kW),0.4999720775375452,0.5882024441618179,0.7058429329941814,camion
2019-03-31 15:18:49.686335,Carga lenta (≤22kW),0.21064605830676758,0.24073835235059154,0.2708306463944155,autobus
2019-03-31 15:18:49.686335,Carga rápida (22-50kW),0.3611075285258873,0.42129211661353516,0.4814767047011831,autobus
2019-03-31 15:18:49.686335,Carga ultrarrápida (>50kW),0.541661292788831,0.6620304689641268,0.7823996451394225,autobus
2019-03-31 15:18:49.686335,Carga lenta (≤22kW),0.19559991128485563,0.22569220532867956,0.25578449937250347,camion
2019-03-31 15:18:49.686335,Carga rápida (22-50kW),0.3310152344820634,0.39119982256971125,0.4513844106573591,camion
2019-03-31 15:18:49.686335,Carga ultrarrápida (>50kW),0.5115689987450069,0.6018458808764788,0.7222150570517746,camion
2019-04-30 15:18:49.686335,Carga lenta (≤22kW),0.08377708428995131,0.0957452391885158,0.10771339408708028,autobus
2019-04-30 15:18:49.686335,Carga rápida (22-50kW),0.1436178587827737,0.16755416857990263,0.1914904783770316,autobus
2019-04-30 15:18:49.686335,Carga ultrarrápida (>50kW),0.21542678817416056,0.2632994077684185,0.31117202736267635,autobus
2019-04-30 15:18:49.686335,Carga lenta (≤22kW),0.07779300684066909,0.08976116173923356,0.10172931663779804,camion
2019-04-30 15:18:49.686335,Carga rápida (22-50kW),0.13164970388420924,0.15558601368133818,0.1795223234784671,camion
2019-04-30 15:18:49.686335,Carga ultrarrápida (>50kW),0.20345863327559607,0.2393630979712895,0.2872357175655474,camion
2019-05-31 15:18:49.686335,Carga lenta (≤22kW),0.17234405645816786,0.19696463595219185,0.22158521544621584,autobus
2019-05-31 15:18:49.686335,Carga rápida (22-50kW),0.29544695392828774,0.3446881129163357,0.3939292719043837,autobus
2019-05-31 15:18:49.686335,Carga ultrarrápida (>50kW),0.4431704308924317,0.5416527488685277,0.6401350668446235,autobus
2019-05-31 15:18:49.686335,Carga lenta (≤22kW),0.16003376671115588,0.18465434620517984,0.20927492569920383,camion
2019-05-31 15:18:49.686335,Carga rápida (22-50kW),0.27082637443426383,0.32006753342231176,0.3693086924103597,camion
2019-05-31 15:18:49.686335,Carga ultrarrápida (>50kW),0.41854985139840767,0.4924115898804796,0.5908939078565755,camion
2019-06-30 15:18:49.686335,Carga lenta (≤22kW),0.1382922024966792,0.15804823142477625,0.17780426035287328,autobus
2019-06-30 15:18:49.686335,Carga rápida (22-50kW),0.23707234713716435,0.2765844049933584,0.3160964628495525,autobus
2019-06-30 15:18:49.686335,Carga ultrarrápida (>50kW),0.35560852070574656,0.4346326364181347,0.5136567521305228,autobus
2019-06-30 15:18:49.686335,Carga lenta (≤22kW),0.1284141880326307,0.14817021696072774,0.16792624588882477,camion
2019-06-30 15:18:49.686335,Carga rápida (22-50kW),0.21731631820906736,0.2568283760652614,0.2963404339214555,camion
2019-06-30 15:18:49.686335,Carga ultrarrápida (>50kW),0.33585249177764953,0.3951205785619406,0.4741446942743287,camion
2019-07-31 15:18:49.686335,Carga lenta (≤22kW),0.1673715386507654,0.19128175845801765,0.21519197826526984,autobus
2019-07-31 15:18:49.686335,Carga rápida (22-50kW),0.2869226376870264,0.3347430773015308,0.3825635169160353,autobus
2019-07-31 15:18:49.686335,Carga ultrarrápida (>50kW),0.4303839565305397,0.5260248357595485,0.6216657149885573,autobus
2019-07-31 15:18:49.686335,Carga lenta (≤22kW),0.15541642874713932,0.1793266485543915,0.20323686836164373,camion
2019-07-31 15:18:49.686335,Carga rápida (22-50kW),0.26301241787977425,0.31083285749427864,0.358653297108783,camion
2019-07-31 15:18:49.686335,Carga ultrarrápida (>50kW),0.40647373672328746,0.47820439614504406,0.5738452753740528,camion
2019-08-31 15:18:49.686335,Carga lenta (≤22kW),0.24183805408744452,0.27638634752850805,0.3109346409695716,autobus
2019-08-31 15:18:49.686335,Carga rápida (22-50kW),0.41457952129276204,0.48367610817488904,0.5527726950570161,autobus
2019-08-31 15:18:49.686335,Carga ultrarrápida (>50kW),0.6218692819391431,0.7600624557033971,0.8982556294676511,autobus
2019-08-31 15:18:49.686335,Carga lenta (≤22kW),0.22456390736691278,0.25911220080797626,0.2936604942490398,camion
2019-08-31 15:18:49.686335,Carga rápida (22-50kW),0.38003122785169857,0.44912781473382557,0.5182244016159525,camion
2019-08-31 15:18:49.686335,Carga ultrarrápida (>50kW),0.5873209884980796,0.6909658688212701,0.8291590425855241,camion
2019-09-30 15:18:49.686335,Carga lenta (≤22kW),0.14084650079795685,0.16096742948337928,0.1810883581688017,autobus
2019-09-30 15:18:49.686335,Carga rápida (22-50kW),0.24145114422506891,0.2816930015959137,0.32193485896675855,autobus
2019-09-30 15:18:49.686335,Carga ultrarrápida (>50kW),0.3621767163376034,0.44266043107929304,0.5231441458209827,autobus
2019-09-30 15:18:49.686335,Carga lenta (≤22kW),0.13078603645524567,0.15090696514066806,0.1710278938260905,camion
2019-09-30 15:18:49.686335,Carga rápida (22-50kW),0.22133021553964652,0.26157207291049134,0.30181393028133613,camion
2019-09-30 15:18:49.686335,Carga ultrarrápida (>50kW),0.342055787652181,0.4024185737084482,0.48290228845013783,camion
2019-10-31 15:18:49.686335,Carga lenta (≤22kW),0.1313495983253923,0.1501138266575912,0.1688780549897901,autobus
2019-10-31 15:18:49.686335,Carga rápida (22-50kW),0.22517073998638681,0.2626991966507846,0.3002276533151824,autobus
2019-10-31 15:18:49.686335,Carga ultrarrápida (>50kW),0.3377561099795802,0.4128130233083759,0.48786993663717143,autobus
2019-10-31 15:18:49.686335,Carga lenta (≤22kW),0.12196748415929286,0.14073171249149174,0.15949594082369065,camion
2019-10-31 15:18:49.686335,Carga rápida (22-50kW),0.20640651165418794,0.24393496831858572,0.2814634249829835,camion
2019-10-31 15:18:49.686335,Carga ultrarrápida (>50kW),0.3189918816473813,0.375284566643978,0.45034147997277363,camion
2019-11-30 15:18:49.686335,Carga lenta (≤22kW),0.13802749283813195,0.15774570610072225,0.17746391936331254,autobus
2019-11-30 15:18:49.686335,Carga rápida (22-50kW),0.23661855915108337,0.2760549856762639,0.3154914122014445,autobus
2019-11-30 15:18:49.686335,Carga ultrarrápida (>50kW),0.3549278387266251,0.4338006917769862,0.5126735448273473,autobus
2019-11-30 15:18:49.686335,Carga lenta (≤22kW),0.12816838620683682,0.14788659946942712,0.16760481273201738,camion
2019-11-30 15:18:49.686335,Carga rápida (22-50kW),0.2169003458884931,0.25633677241367364,0.29577319893885423,camion
2019-11-30 15:18:49.686335,Carga ultrarrápida (>50kW),0.33520962546403477,0.3943642652518056,0.47323711830216675,camion
2019-12-31 15:18:49.686335,Carga lenta (≤22kW),0.14831462404193543,0.16950242747649769,0.19069023091105988,autobus
2019-12-31 15:18:49.686335,Carga rápida (22-50kW),0.2542536412147465,0.29662924808387087,0.33900485495299537,autobus
2019-12-31 15:18:49.686335,Carga ultrarrápida (>50kW),0.38138046182211977,0.4661316755603686,0.5508828892986174,autobus
2019-12-31 15:18:49.686335,Carga lenta (≤22kW),0.13772072232465435,0.15890852575921655,0.18009632919377877,camion
2019-12-31 15:18:49.686335,Carga rápida (22-50kW),0.2330658377801843,0.2754414446493087,0.3178170515184331,camion
2019-12-31 15:18:49.686335,Carga ultrarrápida (>50kW),0.36019265838755754,0.42375606869124416,0.508507282429493,camion
2020-01-31 15:18:49.686335,Carga lenta (≤22kW),0.18646378164055963,0.21310146473206815,0.23973914782357666,autobus
2020-01-31 15:18:49.686335,Carga rápida (22-50kW),0.3196521970981022,0.37292756328111926,0.4262029294641363,autobus
2020-01-31 15:18:49.686335,Carga ultrarrápida (>50kW),0.47947829564715333,0.5860290280131875,0.6925797603792215,autobus
2020-01-31 15:18:49.686335,Carga lenta (≤22kW),0.17314494009480538,0.1997826231863139,0.2264203062778224,camion
2020-01-31 15:18:49.686335,Carga rápida (22-50kW),0.29301451400659373,0.34628988018961077,0.3995652463726278,camion
2020-01-31 15:18:49.686335,Carga ultrarrápida (>50kW),0.4528406125556448,0.5327536618301704,0.6393043941962044,camion
2020-02-29 15:18:49.686335,Carga lenta (≤22kW),0.1985456870603203,0.22690935664036607,0.2552730262204118,autobus
2020-02-29 15:18:49.686335,Carga rápida (22-50kW),0.34036403496054907,0.3970913741206406,0.45381871328073214,autobus
2020-02-29 15:18:49.686335,Carga ultrarrápida (>50kW),0.5105460524408236,0.6240007307610067,0.7374554090811898,autobus
2020-02-29 15:18:49.686335,Carga lenta (≤22kW),0.18436385227029745,0.2127275218503432,0.24109119143038893,camion
2020-02-29 15:18:49.686335,Carga rápida (22-50kW),0.31200036538050335,0.3687277045405949,0.4254550437006864,camion
2020-02-29 15:18:49.686335,Carga ultrarrápida (>50kW),0.48218238286077786,0.5672733916009152,0.6807280699210981,camion
2020-03-31 15:18:49.686335,Carga lenta (≤22kW),0.17890644946836343,0.20446451367812968,0.23002257788789587,autobus
2020-03-31 15:18:49.686335,Carga rápida (22-50kW),0.30669677051719446,0.35781289893672685,0.40892902735625936,autobus
2020-03-31 15:18:49.686335,Carga ultrarrápida (>50kW),0.46004515577579175,0.5622774126148566,0.6645096694539214,autobus
2020-03-31 15:18:49.686335,Carga lenta (≤22kW),0.16612741736348036,0.19168548157324655,0.21724354578301275,camion
2020-03-31 15:18:49.686335,Carga rápida (22-50kW),0.2811387063074283,0.3322548347269607,0.3833709631464931,camion
2020-03-31 15:18:49.686335,Carga ultrarrápida (>50kW),0.4344870915660255,0.5111612841953241,0.6133935410343889,camion
2020-04-30 15:18:49.686335,Carga lenta (≤22kW),0.19370461488719373,0.2213767027282214,0.24904879056924908,autobus
2020-04-30 15:18:49.686335,Carga rápida (22-50kW),0.3320650540923321,0.38740922977438746,0.4427534054564428,autobus
2020-04-30 15:18:49.686335,Carga ultrarrápida (>50kW),0.49809758113849817,0.6087859325026089,0.7194742838667196,autobus
2020-04-30 15:18:49.686335,Carga lenta (≤22kW),0.1798685709666799,0.20754065880770756,0.23521274664873523,camion
2020-04-30 15:18:49.686335,Carga rápida (22-50kW),0.30439296625130446,0.3597371419333598,0.4150813176154151,camion
2020-04-30 15:18:49.686335,Carga ultrarrápida (>50kW),0.47042549329747047,0.5534417568205535,0.6641301081846642,camion
2020-05-31 15:18:49.686335,Carga lenta (≤22kW),0.13677015798917805,0.15630875198763206,0.17584734598608606,autobus
2020-05-31 15:18:49.686335,Carga rápida (22-50kW),0.23446312798144808,0.2735403159783561,0.3126175039752641,autobus
2020-05-31 15:18:49.686335,Carga ultrarrápida (>50kW),0.3516946919721721,0.4298490679659882,0.5080034439598042,autobus
2020-05-31 15:18:49.686335,Carga lenta (≤22kW),0.12700086098995106,0.14653945498840504,0.16607804898685904,camion
2020-05-31 15:18:49.686335,Carga rápida (22-50kW),0.2149245339829941,0.2540017219799021,0.2930789099768101,camion
2020-05-31 15:18:49.686335,Carga ultrarrápida (>50kW),0.3321560979737181,0.39077187996908014,0.46892625596289617,camion
2020-06-30 15:18:49.686335,Carga lenta (≤22kW),0.2142214377325744,0.24482450026579936,0.27542756279902425,autobus
2020-06-30 15:18:49.686335,Carga rápida (22-50kW),0.367236750398699,0.4284428754651488,0.4896490005315987,autobus
2020-06-30 15:18:49.686335,Carga ultrarrápida (>50kW),0.5508551255980485,0.6732673757309482,0.7956796258638479,autobus
2020-06-30 15:18:49.686335,Carga lenta (≤22kW),0.19891990646596197,0.2295229689991869,0.2601260315324118,camion
2020-06-30 15:18:49.686335,Carga rápida (22-50kW),0.3366336878654741,0.39783981293192394,0.4590459379983738,camion
2020-06-30 15:18:49.686335,Carga ultrarrápida (>50kW),0.5202520630648236,0.6120612506644983,0.734473500797398,camion
2020-07-31 15:18:49.686335,Carga lenta (≤22kW),0.12416244585327794,0.14189993811803195,0.15963743038278594,autobus
2020-07-31 15:18:49.686335,Carga rápida (22-50kW),0.2128499071770479,0.2483248917065559,0.2837998762360639,autobus
2020-07-31 15:18:49.686335,Carga ultrarrápida (>50kW),0.3192748607655719,0.3902248298245879,0.46117479888360385,autobus
2020-07-31 15:18:49.686335,Carga lenta (≤22kW),0.11529369972090096,0.13303119198565494,0.15076868425040893,camion
2020-07-31 15:18:49.686335,Carga rápida (22-50kW),0.19511241491229395,0.23058739944180193,0.2660623839713099,camion
2020-07-31 15:18:49.686335,Carga ultrarrápida (>50kW),0.30153736850081786,0.35474984529507986,0.4256998143540958,camion
2020-08-31 15:18:49.686335,Carga lenta (≤22kW),0.30559417921137155,0.3492504905272818,0.39290680184319204,autobus
2020-08-31 15:18:49.686335,Carga rápida (22-50kW),0.5238757357909226,0.6111883584227431,0.6985009810545636,autobus
2020-08-31 15:18:49.686335,Carga ultrarrápida (>50kW),0.7858136036863841,0.960438848950025,1.1350640942136658,autobus
2020-08-31 15:18:49.686335,Carga lenta (≤22kW),0.28376602355341646,0.3274223348693267,0.3710786461852369,camion
2020-08-31 15:18:49.686335,Carga rápida (22-50kW),0.4802194244750125,0.5675320471068329,0.6548446697386534,camion
2020-08-31 15:18:49.686335,Carga ultrarrápida (>50kW),0.7421572923704738,0.8731262263182045,1.0477514715818452,camion
2020-09-30 15:18:49.686335,Carga lenta (≤22kW),0.20727266559248725,0.236883046391414,0.26649342719034075,autobus
2020-09-30 15:18:49.686335,Carga rápida (22-50kW),0.355324569587121,0.4145453311849745,0.473766092782828,autobus
2020-09-30 15:18:49.686335,Carga ultrarrápida (>50kW),0.5329868543806815,0.6514283775763885,0.7698699007720955,autobus
2020-09-30 15:18:49.686335,Carga lenta (≤22kW),0.19246747519302387,0.22207785599195062,0.2516882367908774,camion
2020-09-30 15:18:49.686335,Carga rápida (22-50kW),0.32571418878819425,0.38493495038604775,0.44415571198390125,camion
2020-09-30 15:18:49.686335,Carga ultrarrápida (>50kW),0.5033764735817547,0.592207615978535,0.710649139174242,camion
2020-10-31 15:18:49.686335,Carga lenta (≤22kW),0.14320505919362927,0.16366292479271918,0.1841207903918091,autobus
2020-10-31 15:18:49.686335,Carga rápida (22-50kW),0.24549438718907876,0.28641011838725855,0.32732584958543837,autobus
2020-10-31 15:18:49.686335,Carga ultrarrápida (>50kW),0.3682415807836182,0.45007304317997776,0.5319045055763374,autobus
2020-10-31 15:18:49.686335,Carga lenta (≤22kW),0.13297612639408435,0.15343399199317423,0.1738918575922641,camion
2020-10-31 15:18:49.686335,Carga rápida (22-50kW),0.22503652158998888,0.2659522527881687,0.30686798398634846,camion
2020-10-31 15:18:49.686335,Carga ultrarrápida (>50kW),0.3477837151845282,0.40915731198179794,0.4909887743781575,camion
2020-11-30 15:18:49.686335,Carga lenta (≤22kW),0.1455173798292683,0.1663055769477352,0.18709377406620212,autobus
2020-11-30 15:18:49.686335,Carga rápida (22-50kW),0.2494583654216028,0.2910347596585366,0.3326111538954704,autobus
2020-11-30 15:18:49.686335,Carga ultrarrápida (>50kW),0.37418754813240424,0.4573403366062718,0.5404931250801395,autobus
2020-11-30 15:18:49.686335,Carga lenta (≤22kW),0.13512328127003487,0.15591147838850175,0.17669967550696863,camion
2020-11-30 15:18:49.686335,Carga rápida (22-50kW),0.2286701683031359,0.27024656254006973,0.3118229567770035,camion
2020-11-30 15:18:49.686335,Carga ultrarrápida (>50kW),0.35339935101393727,0.415763942369338,0.4989167308432056,camion
2020-12-31 15:18:49.686335,Carga lenta (≤22kW),0.23866551407714776,0.2727605875167403,0.3068556609563329,autobus
2020-12-31 15:18:49.686335,Carga rápida (22-50kW),0.40914088127511045,0.4773310281542955,0.5455211750334806,autobus
2020-12-31 15:18:49.686335,Carga ultrarrápida (>50kW),0.6137113219126658,0.7500916156710359,0.886471909429406,autobus
2020-12-31 15:18:49.686335,Carga lenta (≤22kW),0.2216179773573515,0.25571305079694406,0.28980812423653657,camion
2020-12-31 15:18:49.686335,Carga rápida (22-50kW),0.37504580783551794,0.443235954714703,0.5114261015938881,camion
2020-12-31 15:18:49.686335,Carga ultrarrápida (>50kW),0.5796162484730731,0.6819014687918508,0.8182817625502209,camion
2021-01-31 15:18:49.686335,Carga lenta (≤22kW),0.19591462021303127,0.22390242310060718,0.25189022598818306,autobus
2021-01-31 15:18:49.686335,Carga rápida (22-50kW),0.3358536346509107,0.39182924042606254,0.44780484620121436,autobus
2021-01-31 15:18:49.686335,Carga ultrarrápida (>50kW),0.5037804519763661,0.6157316635266697,0.7276828750769734,autobus
2021-01-31 15:18:49.686335,Carga lenta (≤22kW),0.18192071876924334,0.20990852165681922,0.2378963245443951,camion
2021-01-31 15:18:49.686335,Carga rápida (22-50kW),0.3078658317633349,0.3638414375384867,0.41981704331363845,camion
2021-01-31 15:18:49.686335,Carga ultrarrápida (>50kW),0.4757926490887902,0.5597560577515179,0.6717072693018215,camion
2021-02-28 15:18:49.686335,Carga lenta (≤22kW),0.23707226296327477,0.2709397291008855,0.3048071952384962,autobus
2021-02-28 15:18:49.686335,Carga rápida (22-50kW),0.4064095936513282,0.47414452592654954,0.541879458201771,autobus
2021-02-28 15:18:49.686335,Carga ultrarrápida (>50kW),0.6096143904769924,0.7450842550274351,0.8805541195778779,autobus
2021-02-28 15:18:49.686335,Carga lenta (≤22kW),0.22013852989446947,0.25400599603208013,0.28787346216969084,camion
2021-02-28 15:18:49.686335,Carga rápida (22-50kW),0.37254212751371757,0.44027705978893894,0.5080119920641603,camion
2021-02-28 15:18:49.686335,Carga ultrarrápida (>50kW),0.5757469243393817,0.6773493227522137,0.8128191873026565,camion
2021-03-31 15:18:49.686335,Carga lenta (≤22kW),0.20756013050553018,0.23721157772060597,0.2668630249356817,autobus
2021-03-31 15:18:49.686335,Carga rápida (22-50kW),0.3558173665809089,0.41512026101106037,0.47442315544121194,autobus
2021-03-31 15:18:49.686335,Carga ultrarrápida (>50kW),0.5337260498713634,0.6523318387316664,0.7709376275919694,autobus
2021-03-31 15:18:49.686335,Carga lenta (≤22kW),0.19273440689799234,0.22238585411306808,0.25203730132814384,camion
2021-03-31 15:18:49.686335,Carga rápida (22-50kW),0.3261659193658332,0.3854688137959847,0.44477170822613615,camion
2021-03-31 15:18:49.686335,Carga ultrarrápida (>50kW),0.5040746026562877,0.5930289443015149,0.7116347331618178,camion
2021-04-30 15:18:49.686335,Carga lenta (≤22kW),0.16095099265592105,0.18394399160676694,0.2069369905576128,autobus
2021-04-30 15:18:49.686335,Carga rápida (22-50kW),0.2759159874101504,0.3219019853118421,0.3678879832135339,autobus
2021-04-30 15:18:49.686335,Carga ultrarrápida (>50kW),0.4138739811152256,0.5058459769186091,0.5978179727219926,autobus
2021-04-30 15:18:49.686335,Carga lenta (≤22kW),0.14945449318049814,0.172447492131344,0.19544049108218986,camion
2021-04-30 15:18:49.686335,Carga rápida (22-50kW),0.25292298845930455,0.2989089863609963,0.344894984262688,camion
2021-04-30 15:18:49.686335,Carga ultrarrápida (>50kW),0.3908809821643797,0.45985997901691733,0.5518319748203008,camion
2021-05-31 15:18:49.686335,Carga lenta (≤22kW),0.10626866265571393,0.12144990017795879,0.13663113770020363,autobus
2021-05-31 15:18:49.686335,Carga rápida (22-50kW),0.18217485026693817,0.21253732531142785,0.24289980035591757,autobus
2021-05-31 15:18:49.686335,Carga ultrarrápida (>50kW),0.27326227540040726,0.3339872254893867,0.3947121755783661,autobus
2021-05-31 15:18:49.686335,Carga lenta (≤22kW),0.09867804389459152,0.11385928141683635,0.1290405189390812,camion
2021-05-31 15:18:49.686335,Carga rápida (22-50kW),0.16699361274469335,0.19735608778918304,0.2277185628336727,camion
2021-05-31 15:18:49.686335,Carga ultrarrápida (>50kW),0.2580810378781624,0.30362475044489695,0.36434970053387633,camion
2021-06-30 15:18:49.686335,Carga lenta (≤22kW),0.06563914365288569,0.07501616417472651,0.08439318469656733,autobus
2021-06-30 15:18:49.686335,Carga rápida (22-50kW),0.11252424626208976,0.13127828730577137,0.15003232834945301,autobus
2021-06-30 15:18:49.686335,Carga ultrarrápida (>50kW),0.16878636939313466,0.2062944514804979,0.24380253356786116,autobus
2021-06-30 15:18:49.686335,Carga lenta (≤22kW),0.06095063339196529,0.0703276539138061,0.07970467443564691,camion
2021-06-30 15:18:49.686335,Carga rápida (22-50kW),0.10314722574024895,0.12190126678393058,0.1406553078276122,camion
2021-06-30 15:18:49.686335,Carga ultrarrápida (>50kW),0.15940934887129382,0.18754041043681627,0.22504849252417952,camion
2021-07-31 15:18:49.686335,Carga lenta (≤22kW),0.13162545002237971,0.15042908573986255,0.16923272145734536,autobus
2021-07-31 15:18:49.686335,Carga rápida (22-50kW),0.22564362860979378,0.26325090004475943,0.3008581714797251,autobus
2021-07-31 15:18:49.686335,Carga ultrarrápida (>50kW),0.3384654429146907,0.413679985784622,0.48889452865455324,autobus
2021-07-31 15:18:49.686335,Carga lenta (≤22kW),0.12222363216363831,0.14102726788112113,0.15983090359860394,camion
2021-07-31 15:18:49.686335,Carga rápida (22-50kW),0.206839992892311,0.24444726432727662,0.28205453576224226,camion
2021-07-31 15:18:49.686335,Carga ultrarrápida (>50kW),0.3196618071972079,0.37607271434965633,0.45128725721958757,camion
2021-08-31 15:18:49.686335,Carga lenta (≤22kW),0.21887009718799688,0.2501372539291393,0.28140441067028177,autobus
2021-08-31 15:18:49.686335,Carga rápida (22-50kW),0.375205880893709,0.43774019437599376,0.5002745078582786,autobus
2021-08-31 15:18:49.686335,Carga ultrarrápida (>50kW),0.5628088213405635,0.6878774483051332,0.8129460752697029,autobus
2021-08-31 15:18:49.686335,Carga lenta (≤22kW),0.20323651881742572,0.2345036755585681,0.26577083229971055,camion
2021-08-31 15:18:49.686335,Carga rápida (22-50kW),0.3439387241525666,0.40647303763485143,0.4690073511171362,camion
2021-08-31 15:18:49.686335,Carga ultrarrápida (>50kW),0.5315416645994211,0.6253431348228483,0.750411761787418,camion
2021-09-30 15:18:49.686335,Carga lenta (≤22kW),0.20187160261246784,0.23071040298567758,0.25954920335888726,autobus
2021-09-30 15:18:49.686335,Carga rápida (22-50kW),0.3460656044785163,0.4037432052249357,0.46142080597135515,autobus
2021-09-30 15:18:49.686335,Carga ultrarrápida (>50kW),0.5190984067177745,0.6344536082106134,0.7498088097034521,autobus
2021-09-30 15:18:49.686335,Carga lenta (≤22kW),0.18745220242586302,0.2162910027990727,0.2451298031722824,camion
2021-09-30 15:18:49.686335,Carga rápida (22-50kW),0.3172268041053067,0.37490440485172605,0.4325820055981454,camion
2021-09-30 15:18:49.686335,Carga ultrarrápida (>50kW),0.4902596063445648,0.5767760074641939,0.6921312089570326,camion
2021-10-31 15:18:49.686335,Carga lenta (≤22kW),0.13909156956859908,0.15896179379268469,0.17883201801677026,autobus
2021-10-31 15:18:49.686335,Carga rápida (22-50kW),0.238442690689027,0.27818313913719817,0.31792358758536937,autobus
2021-10-31 15:18:49.686335,Carga ultrarrápida (>50kW),0.3576640360335405,0.4371449329298829,0.5166258298262252,autobus
2021-10-31 15:18:49.686335,Carga lenta (≤22kW),0.1291564574565563,0.14902668168064187,0.16889690590472745,camion
2021-10-31 15:18:49.686335,Carga rápida (22-50kW),0.21857246646494144,0.2583129149131126,0.29805336336128374,camion
2021-10-31 15:18:49.686335,Carga ultrarrápida (>50kW),0.3377938118094549,0.3974044844817117,0.476885381378054,camion
2021-11-30 15:18:49.686335,Carga lenta (≤22kW),0.23283255039188616,0.2660943433050128,0.2993561362181394,autobus
2021-11-30 15:18:49.686335,Carga rápida (22-50kW),0.39914151495751915,0.4656651007837723,0.5321886866100256,autobus
2021-11-30 15:18:49.686335,Carga ultrarrápida (>50kW),0.5987122724362788,0.7317594440887852,0.8648066157412916,autobus
2021-11-30 15:18:49.686335,Carga lenta (≤22kW),0.2162016539353229,0.24946344684844948,0.2827252397615761,camion
2021-11-30 15:18:49.686335,Carga rápida (22-50kW),0.3658797220443926,0.4324033078706458,0.49892689369689897,camion
2021-11-30 15:18:49.686335,Carga ultrarrápida (>50kW),0.5654504795231522,0.665235858262532,0.7982830299150383,camion
2021-12-31 15:18:49.686335,Carga lenta (≤22kW),0.2508718909118737,0.28671073247071277,0.32254957402955187,autobus
2021-12-31 15:18:49.686335,Carga rápida (22-50kW),0.43006609870606916,0.5017437818237473,0.5734214649414255,autobus
2021-12-31 15:18:49.686335,Carga ultrarrápida (>50kW),0.6450991480591037,0.7884545142944602,0.9318098805298165,autobus
2021-12-31 15:18:49.686335,Carga lenta (≤22kW),0.23295247013245413,0.2687913116912932,0.3046301532501323,camion
2021-12-31 15:18:49.686335,Carga rápida (22-50kW),0.3942272571472301,0.46590494026490825,0.5375826233825864,camion
2021-12-31 15:18:49.686335,Carga ultrarrápida (>50kW),0.6092603065002646,0.7167768311767819,0.8601321974121383,camion
2022-01-31 15:18:49.686335,Carga lenta (≤22kW),0.1765795785875449,0.20180523267147987,0.22703088675541486,autobus
2022-01-31 15:18:49.686335,Carga rápida (22-50kW),0.3027078490072198,0.3531591571750898,0.40361046534295975,autobus
2022-01-31 15:18:49.686335,Carga ultrarrápida (>50kW),0.4540617735108297,0.5549643898465697,0.6558670061823096,autobus
2022-01-31 15:18:49.686335,Carga lenta (≤22kW),0.1639667515455774,0.1891924056295124,0.21441805971344735,camion
2022-01-31 15:18:49.686335,Carga rápida (22-50kW),0.27748219492328485,0.3279335030911548,0.3783848112590248,camion
2022-01-31 15:18:49.686335,Carga ultrarrápida (>50kW),0.4288361194268947,0.5045130816786997,0.6054156980144396,camion
2022-02-28 15:18:49.686335,Carga lenta (≤22kW),0.2233439000505966,0.2552501714863961,0.28715644292219566,autobus
2022-02-28 15:18:49.686335,Carga rápida (22-50kW),0.3828752572295942,0.4466878001011932,0.5105003429727922,autobus
2022-02-28 15:18:49.686335,Carga ultrarrápida (>50kW),0.5743128858443913,0.7019379715875894,0.8295630573307874,autobus
2022-02-28 15:18:49.686335,Carga lenta (≤22kW),0.20739076433269685,0.23929703576849637,0.27120330720429586,camion
2022-02-28 15:18:49.686335,Carga rápida (22-50kW),0.3509689857937947,0.4147815286653937,0.47859407153699274,camion
2022-02-28 15:18:49.686335,Carga ultrarrápida (>50kW),0.5424066144085917,0.6381254287159903,0.7657505144591884,camion
2022-03-31 15:18:49.686335,Carga lenta (≤22kW),0.20196557058591733,0.2308177949553341,0.25967001932475087,autobus
2022-03-31 15:18:49.686335,Carga rápida (22-50kW),0.34622669243300114,0.40393114117183465,0.4616355899106682,autobus
2022-03-31 15:18:49.686335,Carga ultrarrápida (>50kW),0.5193400386495017,0.6347489361271689,0.7501578336048359,autobus
2022-03-31 15:18:49.686335,Carga lenta (≤22kW),0.18753945840120897,0.2163916827706257,0.24524390714004246,camion
2022-03-31 15:18:49.686335,Carga rápida (22-50kW),0.31737446806358444,0.37507891680241795,0.4327833655412514,camion
2022-03-31 15:18:49.686335,Carga ultrarrápida (>50kW),0.4904878142800849,0.5770444873883352,0.6924533848660023,camion
2022-04-30 15:18:49.686335,Carga lenta (≤22kW),0.11867013390972042,0.13562301018253764,0.15257588645535486,autobus
2022-04-30 15:18:49.686335,Carga rápida (22-50kW),0.20343451527380646,0.23734026781944084,0.2712460203650753,autobus
2022-04-30 15:18:49.686335,Carga ultrarrápida (>50kW),0.3051517729107097,0.37296327800197854,0.44077478309324736,autobus
2022-04-30 15:18:49.686335,Carga lenta (≤22kW),0.11019369577331184,0.12714657204612903,0.14409944831894625,camion
2022-04-30 15:18:49.686335,Carga rápida (22-50kW),0.18648163900098927,0.22038739154662368,0.25429314409225806,camion
2022-04-30 15:18:49.686335,Carga ultrarrápida (>50kW),0.2881988966378925,0.3390575254563441,0.4068690305476129,camion
2022-05-31 15:18:49.686335,Carga lenta (≤22kW),0.19137226187057788,0.21871115642351757,0.24605005097645727,autobus
2022-05-31 15:18:49.686335,Carga rápida (22-50kW),0.32806673463527636,0.38274452374115575,0.43742231284703514,autobus
2022-05-31 15:18:49.686335,Carga ultrarrápida (>50kW),0.49210010195291454,0.6014556801646733,0.7108112583764321,autobus
2022-05-31 15:18:49.686335,Carga lenta (≤22kW),0.17770281459410803,0.20504170914704772,0.23238060369998742,camion
2022-05-31 15:18:49.686335,Carga rápida (22-50kW),0.30072784008233666,0.35540562918821605,0.41008341829409545,camion
2022-05-31 15:18:49.686335,Carga ultrarrápida (>50kW),0.46476120739997484,0.5467778910587939,0.6561334692705527,camion
2022-06-30 15:18:49.686335,Carga lenta (≤22kW),0.19952158053544466,0.22802466346907965,0.2565277464027146,autobus
2022-06-30 15:18:49.686335,Carga rápida (22-50kW),0.34203699520361946,0.39904316107088933,0.4560493269381593,autobus
2022-06-30 15:18:49.686335,Carga ultrarrápida (>50kW),0.5130554928054292,0.627067824539969,0.7410801562745088,autobus
2022-06-30 15:18:49.686335,Carga lenta (≤22kW),0.1852700390686272,0.21377312200226217,0.2422762049358971,camion
2022-06-30 15:18:49.686335,Carga rápida (22-50kW),0.3135339122699845,0.3705400781372544,0.42754624400452435,camion
2022-06-30 15:18:49.686335,Carga ultrarrápida (>50kW),0.4845524098717942,0.5700616586726991,0.6840739904072389,camion
2022-07-31 15:18:49.686335,Carga lenta (≤22kW),0.23492821577947764,0.2684893894622602,0.30205056314504275,autobus
2022-07-31 15:18:49.686335,Carga rápida (22-50kW),0.4027340841933903,0.4698564315589553,0.5369787789245204,autobus
2022-07-31 15:18:49.686335,Carga ultrarrápida (>50kW),0.6041011262900855,0.7383458210212156,0.8725905157523457,autobus
2022-07-31 15:18:49.686335,Carga lenta (≤22kW),0.21814762893808642,0.2517088026208689,0.2852699763036515,camion
2022-07-31 15:18:49.686335,Carga rápida (22-50kW),0.3691729105106078,0.43629525787617285,0.5034176052417378,camion
2022-07-31 15:18:49.686335,Carga ultrarrápida (>50kW),0.570539952607303,0.6712234736556505,0.8054681683867806,camion
2022-08-31 15:18:49.686335,Carga lenta (≤22kW),0.24757173844336636,0.2829391296495616,0.3183065208557568,autobus
2022-08-31 15:18:49.686335,Carga rápida (22-50kW),0.4244086944743424,0.4951434768867327,0.5658782592991232,autobus
2022-08-31 15:18:49.686335,Carga ultrarrápida (>50kW),0.6366130417115136,0.7780826065362945,0.9195521713610751,autobus
2022-08-31 15:18:49.686335,Carga lenta (≤22kW),0.22988804284026879,0.265255434046464,0.30062282525265915,camion
2022-08-31 15:18:49.686335,Carga rápida (22-50kW),0.38904130326814723,0.45977608568053757,0.530510868092928,camion
2022-08-31 15:18:49.686335,Carga ultrarrápida (>50kW),0.6012456505053183,0.707347824123904,0.8488173889486847,camion
2022-09-30 15:18:49.686335,Carga lenta (≤22kW),0.13037992715910868,0.14900563103898135,0.167631334918854,autobus
2022-09-30 15:18:49.686335,Carga rápida (22-50kW),0.22350844655847202,0.26075985431821735,0.2980112620779627,autobus
2022-09-30 15:18:49.686335,Carga ultrarrápida (>50kW),0.335262669837708,0.40976548535719876,0.4842683008766894,autobus
2022-09-30 15:18:49.686335,Carga lenta (≤22kW),0.12106707521917234,0.139692779099045,0.15831848297891768,camion
2022-09-30 15:18:49.686335,Carga rápida (22-50kW),0.20488274267859938,0.2421341504383447,0.27938555819809,camion
2022-09-30 15:18:49.686335,Carga ultrarrápida (>50kW),0.31663696595783536,0.37251407759745336,0.44701689311694404,camion
2022-10-31 15:18:49.686335,Carga lenta (≤22kW),0.17398179776475317,0.19883634030257508,0.22369088284039695,autobus
2022-10-31 15:18:49.686335,Carga rápida (22-50kW),0.2982545104538626,0.34796359552950634,0.39767268060515015,autobus
2022-10-31 15:18:49.686335,Carga ultrarrápida (>50kW),0.4473817656807939,0.5467999358320814,0.6462181059833689,autobus
2022-10-31 15:18:49.686335,Carga lenta (≤22kW),0.16155452649584223,0.1864090690336641,0.21126361157148602,camion
2022-10-31 15:18:49.686335,Carga rápida (22-50kW),0.2733999679160407,0.32310905299168446,0.3728181380673282,camion
2022-10-31 15:18:49.686335,Carga ultrarrápida (>50kW),0.42252722314297203,0.49709085075643766,0.5965090209077252,camion
2022-11-30 15:18:49.686335,Carga lenta (≤22kW),0.26962345233143437,0.3081410883787822,0.34665872442612994,autobus
2022-11-30 15:18:49.686335,Carga rápida (22-50kW),0.4622116325681732,0.5392469046628687,0.6162821767575644,autobus
2022-11-30 15:18:49.686335,Carga ultrarrápida (>50kW),0.6933174488522599,0.847387993041651,1.001458537231042,autobus
2022-11-30 15:18:49.686335,Carga lenta (≤22kW),0.2503646343077605,0.2888822703551083,0.32739990640245603,camion
2022-11-30 15:18:49.686335,Carga rápida (22-50kW),0.4236939965208255,0.500729268615521,0.5777645407102165,camion
2022-11-30 15:18:49.686335,Carga ultrarrápida (>50kW),0.6547998128049121,0.7703527209469554,0.9244232651363464,camion
2022-12-31 15:18:49.686335,Carga lenta (≤22kW),0.2757131897216719,0.31510078825333937,0.35448838678500677,autobus
2022-12-31 15:18:49.686335,Carga rápida (22-50kW),0.47265118238000897,0.5514263794433438,0.6302015765066787,autobus
2022-12-31 15:18:49.686335,Carga ultrarrápida (>50kW),0.7089767735700135,0.8665271676966833,1.0240775618233529,autobus
2022-12-31 15:18:49.686335,Carga lenta (≤22kW),0.2560193904558382,0.2954069889875056,0.334794587519173,camion
2022-12-31 15:18:49.686335,Carga rápida (22-50kW),0.4332635838483416,0.5120387809116764,0.5908139779750112,camion
2022-12-31 15:18:49.686335,Carga ultrarrápida (>50kW),0.669589175038346,0.7877519706333483,0.9453023647600179,camion
2023-01-31 15:18:49.686335,Carga lenta (≤22kW),0.27256532427147645,0.31150322773883027,0.35044113120618403,autobus
2023-01-31 15:18:49.686335,Carga rápida (22-50kW),0.4672548416082453,0.5451306485429529,0.6230064554776605,autobus
2023-01-31 15:18:49.686335,Carga ultrarrápida (>50kW),0.7008822624123681,0.8566338762817832,1.0123854901511984,autobus
2023-01-31 15:18:49.686335,Carga lenta (≤22kW),0.2530963725377996,0.29203427600515336,0.3309721794725071,camion
2023-01-31 15:18:49.686335,Carga rápida (22-50kW),0.4283169381408916,0.5061927450755992,0.5840685520103067,camion
2023-01-31 15:18:49.686335,Carga ultrarrápida (>50kW),0.6619443589450142,0.7787580693470756,0.9345096832164906,camion
2023-02-28 15:18:49.686335,Carga lenta (≤22kW),0.4481353164178409,0.5121546473346753,0.5761739782515097,autobus
2023-02-28 15:18:49.686335,Carga rápida (22-50kW),0.768231971002013,0.8962706328356818,1.0243092946693506,autobus
2023-02-28 15:18:49.686335,Carga ultrarrápida (>50kW),1.1523479565030195,1.4084252801703572,1.6645026038376949,autobus
2023-02-28 15:18:49.686335,Carga lenta (≤22kW),0.4161256509594237,0.4801449818762581,0.5441643127930925,camion
2023-02-28 15:18:49.686335,Carga rápida (22-50kW),0.7042126400851786,0.8322513019188474,0.9602899637525162,camion
2023-02-28 15:18:49.686335,Carga ultrarrápida (>50kW),1.088328625586185,1.2803866183366883,1.536463942004026,camion
2023-03-31 15:18:49.686335,Carga lenta (≤22kW),0.24832280977528784,0.2837974968860433,0.3192721839967987,autobus
2023-03-31 15:18:49.686335,Carga rápida (22-50kW),0.4256962453290649,0.4966456195505757,0.5675949937720866,autobus
2023-03-31 15:18:49.686335,Carga ultrarrápida (>50kW),0.6385443679935974,0.7804431164366191,0.9223418648796406,autobus
2023-03-31 15:18:49.686335,Carga lenta (≤22kW),0.23058546621991016,0.26606015333066557,0.301534840441421,camion
2023-03-31 15:18:49.686335,Carga rápida (22-50kW),0.39022155821830956,0.4611709324398203,0.5321203066613311,camion
2023-03-31 15:18:49.686335,Carga ultrarrápida (>50kW),0.603069680882842,0.7094937422151082,0.8513924906581298,camion
2023-04-30 15:18:49.686335,Carga lenta (≤22kW),0.2639152052618783,0.3016173774421467,0.33931954962241495,autobus
2023-04-30 15:18:49.686335,Carga rápida (22-50kW),0.4524260661632199,0.5278304105237566,0.6032347548842933,autobus
2023-04-30 15:18:49.686335,Carga ultrarrápida (>50kW),0.6786390992448299,0.8294477879659033,0.9802564766869766,autobus
2023-04-30 15:18:49.686335,Carga lenta (≤22kW),0.24506411917174414,0.2827662913520125,0.32046846353228076,camion
2023-04-30 15:18:49.686335,Carga rápida (22-50kW),0.4147238939829517,0.4901282383434883,0.565532582704025,camion
2023-04-30 15:18:49.686335,Carga ultrarrápida (>50kW),0.6409369270645615,0.7540434436053666,0.9048521323264398,camion
2023-05-31 15:18:49.686335,Carga lenta (≤22kW),0.24240732727022288,0.27703694545168334,0.3116665636331437,autobus
2023-05-31 15:18:49.686335,Carga rápida (22-50kW),0.41555541817752495,0.48481465454044576,0.5540738909033667,autobus
2023-05-31 15:18:49.686335,Carga ultrarrápida (>50kW),0.6233331272662874,0.7618515999921291,0.9003700727179708,autobus
2023-05-31 15:18:49.686335,Carga lenta (≤22kW),0.2250925181794927,0.2597221363609531,0.2943517545424135,camion
2023-05-31 15:18:49.686335,Carga rápida (22-50kW),0.3809257999960646,0.4501850363589854,0.5194442727219062,camion
2023-05-31 15:18:49.686335,Carga ultrarrápida (>50kW),0.588703509084827,0.6925923636292083,0.8311108363550499,camion
2023-06-30 15:18:49.686335,Carga lenta (≤22kW),0.22224261595547762,0.25399156109197446,0.28574050622847125,autobus
2023-06-30 15:18:49.686335,Carga rápida (22-50kW),0.3809873416379616,0.44448523191095524,0.5079831221839489,autobus
2023-06-30 15:18:49.686335,Carga ultrarrápida (>50kW),0.5714810124569425,0.6984767930029298,0.8254725735489169,autobus
2023-06-30 15:18:49.686335,Carga lenta (≤22kW),0.20636814338722922,0.23811708852372604,0.2698660336602228,camion
2023-06-30 15:18:49.686335,Carga rápida (22-50kW),0.3492383965014649,0.41273628677445845,0.4762341770474521,camion
2023-06-30 15:18:49.686335,Carga ultrarrápida (>50kW),0.5397320673204457,0.6349789027299361,0.7619746832759232,camion
2023-07-31 15:18:49.686335,Carga lenta (≤22kW),0.1742693272853323,0.19916494546895122,0.2240605636525701,autobus
2023-07-31 15:18:49.686335,Carga rápida (22-50kW),0.2987474182034268,0.3485386545706646,0.39832989093790244,autobus
2023-07-31 15:18:49.686335,Carga ultrarrápida (>50kW),0.4481211273051402,0.5477036000396158,0.6472860727740914,autobus
2023-07-31 15:18:49.686335,Carga lenta (≤22kW),0.16182151819352286,0.18671713637714177,0.21161275456076065,camion
2023-07-31 15:18:49.686335,Carga rápida (22-50kW),0.2738518000198079,0.3236430363870457,0.37343427275428354,camion
2023-07-31 15:18:49.686335,Carga ultrarrápida (>50kW),0.4232255091215213,0.497912363672378,0.5974948364068536,camion
2023-08-31 15:18:49.686335,Carga lenta (≤22kW),0.24870815870056417,0.2842378956577877,0.3197676326150111,autobus
2023-08-31 15:18:49.686335,Carga rápida (22-50kW),0.42635684348668146,0.49741631740112835,0.5684757913155754,autobus
2023-08-31 15:18:49.686335,Carga ultrarrápida (>50kW),0.6395352652300222,0.7816542130589161,0.9237731608878099,autobus
2023-08-31 15:18:49.686335,Carga lenta (≤22kW),0.23094329022195248,0.2664730271791759,0.30200276413639937,camion
2023-08-31 15:18:49.686335,Carga rápida (22-50kW),0.39082710652945807,0.46188658044390496,0.5329460543583519,camion
2023-08-31 15:18:49.686335,Carga ultrarrápida (>50kW),0.6040055282727987,0.7105947391444691,0.8527136869733629,camion
2023-09-30 15:18:49.686335,Carga lenta (≤22kW),0.1818982585741312,0.2078837240847214,0.23386918959531156,autobus
2023-09-30 15:18:49.686335,Carga rápida (22-50kW),0.31182558612708206,0.3637965171482624,0.4157674481694428,autobus
2023-09-30 15:18:49.686335,Carga ultrarrápida (>50kW),0.4677383791906231,0.5716802412329839,0.6756221032753446,autobus
2023-09-30 15:18:49.686335,Carga lenta (≤22kW),0.16890552581883614,0.19489099132942628,0.22087645684001644,camion
2023-09-30 15:18:49.686335,Carga rápida (22-50kW),0.28584012061649194,0.3378110516376723,0.38978198265885255,camion
2023-09-30 15:18:49.686335,Carga ultrarrápida (>50kW),0.4417529136800329,0.5197093102118034,0.6236511722541641,camion
2023-10-31 15:18:49.686335,Carga lenta (≤22kW),0.23088521684608873,0.26386881925267286,0.29685242165925696,autobus
2023-10-31 15:18:49.686335,Carga rápida (22-50kW),0.39580322887900926,0.46177043369217746,0.5277376385053457,autobus
2023-10-31 15:18:49.686335,Carga ultrarrápida (>50kW),0.5937048433185139,0.7256392529448504,0.8575736625711868,autobus
2023-10-31 15:18:49.686335,Carga lenta (≤22kW),0.2143934156427967,0.24737701804938078,0.2803606204559649,camion
2023-10-31 15:18:49.686335,Carga rápida (22-50kW),0.3628196264724252,0.4287868312855934,0.49475403609876156,camion
2023-10-31 15:18:49.686335,Carga ultrarrápida (>50kW),0.5607212409119298,0.6596720481316821,0.7916064577580185,camion
2023-11-30 15:18:49.686335,Carga lenta (≤22kW),0.231248177512849,0.26428363144325606,0.29731908537366303,autobus
2023-11-30 15:18:49.686335,Carga rápida (22-50kW),0.39642544716488404,0.462496355025698,0.5285672628865121,autobus
2023-11-30 15:18:49.686335,Carga ultrarrápida (>50kW),0.5946381707473261,0.7267799864689541,0.8589218021905821,autobus
2023-11-30 15:18:49.686335,Carga lenta (≤22kW),0.21473045054764553,0.24776590447805252,0.28080135840845954,camion
2023-11-30 15:18:49.686335,Carga rápida (22-50kW),0.36338999323447707,0.42946090109529106,0.49553180895610505,camion
2023-11-30 15:18:49.686335,Carga ultrarrápida (>50kW),0.5616027168169191,0.6607090786081401,0.7928508943297681,camion
2023-12-31 15:18:49.686335,Carga lenta (≤22kW),0.2691731870997517,0.3076264995425734,0.346079811985395,autobus
2023-12-31 15:18:49.686335,Carga rápida (22-50kW),0.46143974931386,0.5383463741995034,0.6152529990851467,autobus
2023-12-31 15:18:49.686335,Carga ultrarrápida (>50kW),0.69215962397079,0.8459728737420767,0.9997861235133634,autobus
2023-12-31 15:18:49.686335,Carga lenta (≤22kW),0.24994653087834084,0.28839984332116253,0.32685315576398416,camion
2023-12-31 15:18:49.686335,Carga rápida (22-50kW),0.4229864368710384,0.4998930617566817,0.5767996866423251,camion
2023-12-31 15:18:49.686335,Carga ultrarrápida (>50kW),0.6537063115279683,0.7690662488564334,0.92287949862772,camion
2024-01-31 15:18:49.686335,Carga lenta (≤22kW),0.39099059239558354,0.4468463913092384,0.5027021902228932,autobus
2024-01-31 15:18:49.686335,Carga rápida (22-50kW),0.6702695869638575,0.7819811847911671,0.8936927826184768,autobus
2024-01-31 15:18:49.686335,Carga ultrarrápida (>50kW),1.0054043804457864,1.2288275761004057,1.4522507717550248,autobus
2024-01-31 15:18:49.686335,Carga lenta (≤22kW),0.3630626929387562,0.418918491852411,0.47477429076606575,camion
2024-01-31 15:18:49.686335,Carga rápida (22-50kW),0.6144137880502029,0.7261253858775124,0.837836983704822,camion
2024-01-31 15:18:49.686335,Carga ultrarrápida (>50kW),0.9495485815321315,1.117115978273096,1.340539173927715,camion
2024-02-29 15:18:49.686335,Carga lenta (≤22kW),0.14546256097956806,0.16624292683379208,0.1870232926880161,autobus
2024-02-29 15:18:49.686335,Carga rápida (22-50kW),0.2493643902506881,0.2909251219591361,0.33248585366758415,autobus
2024-02-29 15:18:49.686335,Carga ultrarrápida (>50kW),0.3740465853760322,0.4571680487929282,0.5402895122098242,autobus
2024-02-29 15:18:49.686335,Carga lenta (≤22kW),0.13507237805245606,0.15585274390668008,0.17663310976090407,camion
2024-02-29 15:18:49.686335,Carga rápida (22-50kW),0.2285840243964641,0.2701447561049121,0.31170548781336016,camion
2024-02-29 15:18:49.686335,Carga ultrarrápida (>50kW),0.35326621952180814,0.4156073170844802,0.4987287805013762,camion
2024-03-31 15:18:49.686335,Carga lenta (≤22kW),0.2724305706609729,0.3113492236125406,0.3502678765641081,autobus
2024-03-31 15:18:49.686335,Carga rápida (22-50kW),0.46702383541881076,0.5448611413219459,0.6226984472250812,autobus
2024-03-31 15:18:49.686335,Carga ultrarrápida (>50kW),0.7005357531282163,0.8562103649344865,1.0118849767407567,autobus
2024-03-31 15:18:49.686335,Carga lenta (≤22kW),0.2529712441851892,0.2918898971367567,0.3308085500883243,camion
2024-03-31 15:18:49.686335,Carga rápida (22-50kW),0.4281051824672433,0.5059424883703784,0.5837797942735135,camion
2024-03-31 15:18:49.686335,Carga ultrarrápida (>50kW),0.6616171001766487,0.7783730590313513,0.9340476708376215,camion
2024-04-30 15:18:49.686335,Carga lenta (≤22kW),0.1276584994486737,0.14589542794134136,0.16413235643400903,autobus
2024-04-30 15:18:49.686335,Carga rápida (22-50kW),0.21884314191201204,0.2553169988973474,0.2917908558826827,autobus
2024-04-30 15:18:49.686335,Carga ultrarrápida (>50kW),0.32826471286801806,0.4012124268386888,0.4741601408093594,autobus
2024-04-30 15:18:49.686335,Carga lenta (≤22kW),0.11854003520233986,0.13677696369500753,0.1550138921876752,camion
2024-04-30 15:18:49.686335,Carga rápida (22-50kW),0.2006062134193444,0.2370800704046797,0.27355392739001505,camion
2024-04-30 15:18:49.686335,Carga ultrarrápida (>50kW),0.3100277843753504,0.3647385698533534,0.4376862838240241,camion
2024-05-31 15:18:49.686335,Carga lenta (≤22kW),0.1802021028539246,0.20594526040448527,0.23168841795504594,autobus
2024-05-31 15:18:49.686335,Carga rápida (22-50kW),0.30891789060672786,0.3604042057078492,0.41189052080897054,autobus
2024-05-31 15:18:49.686335,Carga ultrarrápida (>50kW),0.4633768359100919,0.5663494661123345,0.6693220963145772,autobus
2024-05-31 15:18:49.686335,Carga lenta (≤22kW),0.1673305240786443,0.19307368162920494,0.21881683917976558,camion
2024-05-31 15:18:49.686335,Carga rápida (22-50kW),0.28317473305616725,0.3346610481572886,0.38614736325840987,camion
2024-05-31 15:18:49.686335,Carga ultrarrápida (>50kW),0.43763367835953115,0.5148631510112132,0.6178357812134557,camion
2024-06-30 15:18:49.686335,Carga lenta (≤22kW),0.2643929981360548,0.3021634264412056,0.33993385474635623,autobus
2024-06-30 15:18:49.686335,Carga rápida (22-50kW),0.4532451396618083,0.5287859962721096,0.6043268528824112,autobus
2024-06-30 15:18:49.686335,Carga ultrarrápida (>50kW),0.6798677094927125,0.8309494227133153,0.9820311359339181,autobus
2024-06-30 15:18:49.686335,Carga lenta (≤22kW),0.24550778398347953,0.2832782122886302,0.3210486405937809,camion
2024-06-30 15:18:49.686335,Carga rápida (22-50kW),0.41547471135665764,0.49101556796695905,0.5665564245772604,camion
2024-06-30 15:18:49.686335,Carga ultrarrápida (>50kW),0.6420972811875618,0.7554085661030139,0.9064902793236166,camion
2024-07-31 15:18:49.686335,Carga lenta (≤22kW),0.21317114487806696,0.24362416557493372,0.2740771862718004,autobus
2024-07-31 15:18:49.686335,Carga rápida (22-50kW),0.3654362483624005,0.4263422897561339,0.48724833114986743,autobus
2024-07-31 15:18:49.686335,Carga ultrarrápida (>50kW),0.5481543725436008,0.6699664553310677,0.7917785381185345,autobus
2024-07-31 15:18:49.686335,Carga lenta (≤22kW),0.19794463452963362,0.22839765522650035,0.258850675923367,camion
2024-07-31 15:18:49.686335,Carga rápida (22-50kW),0.33498322766553384,0.39588926905926725,0.4567953104530007,camion
2024-07-31 15:18:49.686335,Carga ultrarrápida (>50kW),0.517701351846734,0.6090604139373342,0.730872496724801,camion
2024-08-31 15:18:49.686335,Carga lenta (≤22kW),0.16349923361242924,0.18685626698563343,0.21021330035883762,autobus
2024-08-31 15:18:49.686335,Carga rápida (22-50kW),0.2802844004784501,0.3269984672248585,0.37371253397126686,autobus
2024-08-31 15:18:49.686335,Carga ultrarrápida (>50kW),0.42042660071767524,0.513854734210492,0.6072828677033086,autobus
2024-08-31 15:18:49.686335,Carga lenta (≤22kW),0.15182071692582716,0.17517775029903132,0.1985347836722355,camion
2024-08-31 15:18:49.686335,Carga rápida (22-50kW),0.256927367105246,0.3036414338516543,0.35035550059806264,camion
2024-08-31 15:18:49.686335,Carga ultrarrápida (>50kW),0.397069567344471,0.46714066746408356,0.5605688009569002,camion
2024-09-30 15:18:49.686335,Carga lenta (≤22kW),0.2027665216932064,0.23173316764937876,0.2606998136055511,autobus
2024-09-30 15:18:49.686335,Carga rápida (22-50kW),0.34759975147406813,0.4055330433864128,0.4634663352987575,autobus
2024-09-30 15:18:49.686335,Carga ultrarrápida (>50kW),0.5213996272111022,0.6372662110357916,0.7531327948604809,autobus
2024-09-30 15:18:49.686335,Carga lenta (≤22kW),0.18828319871512023,0.21724984467129257,0.24621649062746492,camion
2024-09-30 15:18:49.686335,Carga rápida (22-50kW),0.3186331055178958,0.37656639743024045,0.43449968934258515,camion
2024-09-30 15:18:49.686335,Carga ultrarrápida (>50kW),0.49243298125492985,0.5793329191234469,0.6951995029481363,camion
2024-10-31 15:18:49.686335,Carga lenta (≤22kW),0.29985159158740043,0.3426875332427434,0.3855234748980863,autobus
2024-10-31 15:18:49.686335,Carga rápida (22-50kW),0.5140312998641151,0.5997031831748009,0.6853750664854869,autobus
2024-10-31 15:18:49.686335,Carga ultrarrápida (>50kW),0.7710469497961726,0.9423907164175443,1.113734483038916,autobus
2024-10-31 15:18:49.686335,Carga lenta (≤22kW),0.278433620759729,0.32126956241507193,0.36410550407041486,camion
2024-10-31 15:18:49.686335,Carga rápida (22-50kW),0.4711953582087722,0.556867241519458,0.6425391248301439,camion
2024-10-31 15:18:49.686335,Carga ultrarrápida (>50kW),0.7282110081408297,0.8567188331068585,1.0280625997282302,camion
2024-11-30 15:18:49.686335,Carga lenta (≤22kW),0.23517506363864865,0.2687715013013128,0.3023679389639769,autobus
2024-11-30 15:18:49.686335,Carga rápida (22-50kW),0.40315725195196916,0.4703501272772973,0.5375430026026256,autobus
2024-11-30 15:18:49.686335,Carga ultrarrápida (>50kW),0.6047358779279538,0.7391216285786102,0.8735073792292666,autobus
2024-11-30 15:18:49.686335,Carga lenta (≤22kW),0.21837684480731664,0.25197328246998074,0.2855697201326448,camion
2024-11-30 15:18:49.686335,Carga rápida (22-50kW),0.3695608142893051,0.4367536896146333,0.5039465649399615,camion
2024-11-30 15:18:49.686335,Carga ultrarrápida (>50kW),0.5711394402652896,0.6719287532532819,0.8063145039039383,camion
2024-12-31 15:18:49.686335,Carga lenta (≤22kW),0.2943569751342376,0.3364079715819859,0.37845896802973406,autobus
2024-12-31 15:18:49.686335,Carga rápida (22-50kW),0.5046119573729787,0.5887139502684752,0.6728159431639718,autobus
2024-12-31 15:18:49.686335,Carga ultrarrápida (>50kW),0.7569179360594681,0.9251219218504612,1.093325907641454,autobus
2024-12-31 15:18:49.686335,Carga lenta (≤22kW),0.2733314769103635,0.3153824733581117,0.35743346980585994,camion
2024-12-31 15:18:49.686335,Carga rápida (22-50kW),0.4625609609252306,0.546662953820727,0.6307649467162234,camion
2024-12-31 15:18:49.686335,Carga ultrarrápida (>50kW),0.7148669396117199,0.8410199289549646,1.0092239147459574,camion
2025-01-31 15:18:49.686335,Carga lenta (≤22kW),0.28156879452001016,0.32179290802286875,0.36201702152572734,autobus
2025-01-31 15:18:49.686335,Carga rápida (22-50kW),0.4826893620343031,0.5631375890400203,0.6435858160457375,autobus
2025-01-31 15:18:49.686335,Carga ultrarrápida (>50kW),0.7240340430514547,0.8849304970628892,1.0458269510743234,autobus
2025-01-31 15:18:49.686335,Carga lenta (≤22kW),0.26145673776858086,0.30168085127143945,0.34190496477429805,camion
2025-01-31 15:18:49.686335,Carga rápida (22-50kW),0.4424652485314446,0.5229134755371617,0.6033617025428789,camion
2025-01-31 15:18:49.686335,Carga ultrarrápida (>50kW),0.6838099295485961,0.8044822700571719,0.9653787240686063,camion
2025-02-28 15:18:49.686335,Carga lenta (≤22kW),0.23118685112230955,0.2642135441397824,0.29724023715725517,autobus
2025-02-28 15:18:49.686335,Carga rápida (22-50kW),0.39632031620967356,0.4623737022446191,0.5284270882795647,autobus
2025-02-28 15:18:49.686335,Carga ultrarrápida (>50kW),0.5944804743145103,0.7265872463844016,0.8586940184542927,autobus
2025-02-28 15:18:49.686335,Carga lenta (≤22kW),0.21467350461357318,0.24770019763104598,0.28072689064851875,camion
2025-02-28 15:18:49.686335,Carga rápida (22-50kW),0.3632936231922008,0.42934700922714636,0.49540039526209195,camion
2025-02-28 15:18:49.686335,Carga ultrarrápida (>50kW),0.5614537812970375,0.6605338603494559,0.7926406324193471,camion
2025-03-31 15:18:49.686335,Carga lenta (≤22kW),0.3717079278257478,0.4248090603722832,0.47791019291881864,autobus
2025-03-31 15:18:49.686335,Carga rápida (22-50kW),0.6372135905584247,0.7434158556514956,0.8496181207445664,autobus
2025-03-31 15:18:49.686335,Carga ultrarrápida (>50kW),0.9558203858376373,1.168224916023779,1.3806294462099205,autobus
2025-03-31 15:18:49.686335,Carga lenta (≤22kW),0.3451573615524801,0.3982584940990155,0.4513596266455509,camion
2025-03-31 15:18:49.686335,Carga rápida (22-50kW),0.5841124580118895,0.6903147231049602,0.796516988198031,camion
2025-03-31 15:18:49.686335,Carga ultrarrápida (>50kW),0.9027192532911018,1.062022650930708,1.2744271811168495,camion
2025-04-30 15:18:49.686335,Carga lenta (≤22kW),0.27111711230863206,0.30984812835272235,0.34857914439681265,autobus
2025-04-30 15:18:49.686335,Carga rápida (22-50kW),0.4647721925290835,0.5422342246172641,0.6196962567054447,autobus
2025-04-30 15:18:49.686335,Carga ultrarrápida (>50kW),0.6971582887936253,0.8520823529699866,1.0070064171463478,autobus
2025-04-30 15:18:49.686335,Carga lenta (≤22kW),0.25175160428658694,0.2904826203306772,0.32921363637476747,camion
2025-04-30 15:18:49.686335,Carga rápida (22-50kW),0.4260411764849933,0.5035032085731739,0.5809652406613544,camion
2025-04-30 15:18:49.686335,Carga ultrarrápida (>50kW),0.6584272727495349,0.7746203208818059,0.929544385058167,camion
2025-05-31 15:18:49.686335,Carga lenta (≤22kW),0.1108693613088363,0.12670784149581293,0.14254632168278955,autobus
2025-05-31 15:18:49.686335,Carga rápida (22-50kW),0.1900617622437194,0.2217387226176726,0.25341568299162587,autobus
2025-05-31 15:18:49.686335,Carga ultrarrápida (>50kW),0.2850926433655791,0.3484465641134856,0.41180048486139204,autobus
2025-05-31 15:18:49.686335,Carga lenta (≤22kW),0.10295012121534801,0.11878860140232463,0.13462708158930123,camion
2025-05-31 15:18:49.686335,Carga rápida (22-50kW),0.1742232820567428,0.20590024243069602,0.23757720280464925,camion
2025-05-31 15:18:49.686335,Carga ultrarrápida (>50kW),0.26925416317860246,0.31676960373953233,0.3801235244874388,camion
2025-06-30 15:18:49.686335,Carga lenta (≤22kW),0.2315002651564997,0.26457173160742825,0.2976431980583568,autobus
2025-06-30 15:18:49.686335,Carga rápida (22-50kW),0.3968575974111424,0.4630005303129994,0.5291434632148565,autobus
2025-06-30 15:18:49.686335,Carga ultrarrápida (>50kW),0.5952863961167136,0.7275722619204278,0.8598581277241418,autobus
2025-06-30 15:18:49.686335,Carga lenta (≤22kW),0.21496453193103546,0.248035998381964,0.2811074648328925,camion
2025-06-30 15:18:49.686335,Carga rápida (22-50kW),0.3637861309602139,0.4299290638620709,0.496071996763928,camion
2025-06-30 15:18:49.686335,Carga ultrarrápida (>50kW),0.562214929665785,0.6614293290185707,0.7937151948222848,camion
2025-07-31 15:18:49.686335,Carga lenta (≤22kW),0.19015848060522075,0.21732397783453805,0.2444894750638553,autobus
2025-07-31 15:18:49.686335,Carga rápida (22-50kW),0.325985966751807,0.3803169612104415,0.4346479556690761,autobus
2025-07-31 15:18:49.686335,Carga ultrarrápida (>50kW),0.4889789501277106,0.5976409390449796,0.7063029279622486,autobus
2025-07-31 15:18:49.686335,Carga lenta (≤22kW),0.17657573199056215,0.20374122921987942,0.23090672644919666,camion
2025-07-31 15:18:49.686335,Carga rápida (22-50kW),0.2988204695224898,0.3531514639811243,0.40748245843975883,camion
2025-07-31 15:18:49.686335,Carga ultrarrápida (>50kW),0.4618134528983933,0.5433099445863451,0.651971933503614,camion
2025-08-31 15:18:49.686335,Carga lenta (≤22kW),0.2892362667485883,0.33055573342695815,0.3718752001053279,autobus
2025-08-31 15:18:49.686335,Carga rápida (22-50kW),0.49583360014043715,0.5784725334971766,0.6611114668539163,autobus
2025-08-31 15:18:49.686335,Carga ultrarrápida (>50kW),0.7437504002106557,0.9090282669241349,1.0743061336376138,autobus
2025-08-31 15:18:49.686335,Carga lenta (≤22kW),0.26857653340940346,0.30989600008777324,0.351215466766143,camion
2025-08-31 15:18:49.686335,Carga rápida (22-50kW),0.4545141334620674,0.5371530668188069,0.6197920001755465,camion
2025-08-31 15:18:49.686335,Carga ultrarrápida (>50kW),0.702430933532286,0.8263893335673953,0.9916672002808743,camion
