Municipio;Latitud;Longitud;Horario;Operador;Gasolina95;Gasolina98;GasoleoA;GasoleoPlus;Bioetanol(%);Ester Metilico(%);Lat_f;Lon_f;dist_km_to_route
Artés;41,795000;1,946806;LLE;;1.795;1.946;0.649;1.309;0.0;0.0160987108090827;41.795;1.946806;4.46826557701458
Avinyó;41,867472;1,972389;LLE;CEPSA;1.867;1.972;1.439;1.274;0.0;0.0285587308090891;41.867472;1.972389;3.0642556921040027
Balsareny;41,858028;1,874306;LLET;;1.858;1.874;1.347;1.419;0.0;0.0936987908090821;41.858028;1.874306;3.9461969214953485
Calaf;41,729722;1,513667;LAF1;;1.729;1.513;1.291;0.935;0.0;0.0200189308090828;41.729722;1.513667;3.7748781403572442
Calaf;41,733111;1,526806;LAF1;;1.733;1.526;0.419;1.238;0.0;0.0199589308090827;41.733111;1.526806;3.8564508866622633
Calldetenes;41,928861;2,298444;LLE;REPSOL;1.928;2.298;1.559;1.469;0.0;0.0185689808090836;41.928861;2.298444;3.9783283250843895
Malla;41,882028;2,243583;LLA2;;1.882;2.243;0.439;1.299;0.0;0.0167997608090856;41.882028;2.243583;0.839912926063913
Sallent;41,812417;1,898250;LENT1;;1.812;1.898;0.695;1.264;0.0;0.0119531055080908;41.812417;1.89825;1.7195853800024148
Sallent;41,800639;1,898056;LENT1;PETRONOR;1.8;1.898;0.939;1.439;0.0;0.0248910550809086;41.800639;1.898056;3.028658197280477
Sallent;41,809889;1,899389;LENT1;;1.809;1.899;1.259;1.329;0.0;0.0185210550809086;41.809889;1.899389;1.998081481909065
Sallent;41,790917;1,903583;LLE;;1.79;1.903;0.599;1.269;0.0;0.0151811055080908;41.790917;1.903583;4.122333985979394
Sant;41,778389;1,802583;L-D: 24;;1.778;1.802;1.229;1.295;0.0;0.0167010790809082;41.778389;1.802583;3.9527052117466117
Sant;41,769639;1,789444;L-D: 00:00-23:59;;1.769;1.789;0.599;1.319;0.0;7.016711079080908;41.769639;1.789444;4.460080384040302
Sant;41,769806;1,788639;L: 24;;1.769;1.788;0.5;1.289;0.0;0.0167210790809082;41.769806;1.788639;4.415720990211303
Sant;41,769778;1,788694;LLA1;NATURGY;1.769;1.788;1.289;1.199;0.0;0.0150671079080908;41.769778;1.788694;4.420417158391138
Sant;41,745028;1,578861;L-D: 06:00-22:00;REPSOL;1.745;1.578;1.419;1.499;0.0;0.0282610960809082;41.745028;1.578861;3.6966392897171643
Sant;41,745833;1,580083;LLE;REPSOL;1.745;1.58;1.419;1.499;0.0;0.0282710960809083;41.745833;1.580083;3.5844001519510127
Santpedor;41,783556;1,847194;L-D: 06:00-22:00;;1.783;1.847;0.6;1.255;0.0;0.0130071127080908;41.783556;1.847194;4.1740413325813
Seva;41,845722;2,233944;L DE;;1.845;2.233;0.419;1.237;0.0;0.0151181129080908;41.845722;2.233944;4.233015514704697
Súria;41,827361;1,756083;L-D: 24;REPSOL;1.827;1.756;1.419;1.469;0.0;0.0255611340809082;41.827361;1.756083;2.531923479977473
Súria;41,835667;1,764833;L-D: 06:00-22:00;;1.835;1.764;1.269;1.359;0.0;0.0123491134080908;41.835667;1.764833;3.2921060277782956
Tona;41,853250;2,234861;L-D: 06:00-22:00;SHELL;1.853;2.234;1.299;1.379;0.0;0.0821311430809085;41.85325;2.234861;3.5812229926629477
Tona;41,845083;2,232250;L-D: 06:00-22:00;CEPSA;1.845;2.232;1.437;1.547;0.0;0.0205411430809085;41.845083;2.23225;4.2266919152372795
Tona;41,845000;2,233278;L II;CEPSA;1.845;2.233;1.457;1.564;0.0;0.0278111430809084;41.845;2.233278;4.2755221162518575
Vic;41,929611;2,266389;LES, 2;;1.929;2.266;1.259;1.299;0.0;0.0169811580809085;41.929611;2.266389;4.759531049476864
Vic;41,928167;2,244667;LLE;REPSOL;1.928;2.244;1.469;1.519;0.0;0.0251611580809085;41.928167;2.244667;4.746419176126671
Vic;41,920667;2,252833;LLE;CEPSA;1.92;2.252;1.5;1.56;0.0;0.0179111580809085;41.920667;2.252833;3.8702057902578484
Vic;41,928111;2,245583;LLE;REPSOL;1.928;2.245;1.549;0.969;0.0;0.0251511580809085;41.928111;2.245583;4.730712288884283
Burgos;42,344667;-3,698667;LLE;REPSOL;2.344;3.698;1.469;1.529;0.0;0.059891220090809;42.344667;-3.698667;0.163033047530558
Burgos;42,365028;-3,698778;L-D: 24;;2.365;3.698;0.64;1.309;0.0;0.0161261220090809;42.365028;-3.698778;2.344149047212749
Burgos;42,364306;-3,711944;LAS;;2.364;3.711;0.689;0.909;0.0;0.0107531220090809;42.364306;-3.711944;2.326926203258194
Burgos;42,370528;-3,718528;L I;;2.37;3.718;1.539;1.639;0.0;0.0118781220090809;42.370528;-3.718528;2.6349647118938204
Burgos;42,319611;-3,702278;L-D: 07:00-23:00;BALLENOIL;2.319;3.702;1.309;1.329;0.0;0.0161921220090809;42.319611;-3.702278;2.746771981480892
Burgos;42,310278;-3,702917;L;;2.31;3.702;1.021;1.525;0.0;0.0110581220090809;42.310278;-3.702917;3.7812537172469227
Burgos;42,337472;-3,711889;L;REPSOL;2.337;3.711;0.959;1.529;0.0;0.059861220090809;42.337472;-3.711889;1.4290164019684766
Burgos;42,330333;-3,700500;"L-V: 06:30-22:00;";REPSOL;2.33;3.7;1.529;1.619;0.0;0.060531220090809;42.330333;-3.7005;1.547273102757769
Burgos;42,362528;-3,762083;LLE;;2.362;3.762;1.418;1.498;0.0;0.098031220090809;42.362528;-3.762083;1.1007212952093706
Burgos;42,371861;-3,728361;LAS;;2.371;3.728;0.5;1.359;0.0;0.0141661220090809;42.371861;-3.728361;2.594948925267329
Burgos;42,363611;-3,680694;L-V: 07:00-23:00;CEPSA;2.363;3.68;1.519;1.629;0.0;0.060681220090809;42.363611;-3.680694;2.5561319271163083
Burgos;42,365528;-3,674806;L-D: 24;;2.365;3.674;1.539;1.639;0.0;0.0145161220090809;42.365528;-3.674806;3.0053938716306603
Burgos;42,358694;-3,695111;L-D: 24;CARREFOUR;2.358;3.695;0.5;0.919;0.0;0.060731220090809;42.358694;-3.695111;1.6414290281820505
Burgos;42,360694;-3,694778;LLE;CARREFOUR;2.36;3.694;1.419;1.459;0.0;0.0120621220090809;42.360694;-3.694778;1.8653921047830757
Burgos;42,351583;-3,647722;L;;2.351;3.647;0.69;1.309;0.0;0.0147981220090809;42.351583;-3.647722;2.4629904344306803
Burgos;42,351167;-3,660306;LA;BALLENOIL;2.351;3.66;1.309;1.329;0.0;0.0156831220090809;42.351167;-3.660306;2.8497984756130235
Burgos;42,347500;-3,639694;L;;2.347;3.639;1.25;1.296;0.0;0.0106121220090809;42.3475;-3.639694;1.9407037886051028
Burgos;42,348750;-3,677917;LLE;REPSOL;2.348;3.677;1.529;1.619;0.0;0.055321220090809;42.34875;-3.677917;1.6478096019183563
Burgos;42,358722;-3,650972;LLE;CEPSA;2.358;3.65;1.538;1.633;0.0;0.0145801220090809;42.358722;-3.650972;3.2982297530289273
Burgos;42,360639;-3,652806;LLE;;2.36;3.652;0.5;1.359;0.0;0.0162201220090809;42.360639;-3.652806;3.544174845885714
Burgos;42,362000;-3,653500;L-D: 06:30-22:30;PLENERGY;2.362;3.653;1.309;1.399;0.0;0.0155721220090809;42.362;-3.6535;3.70547158605052
Burgos;42,366083;-3,692694;LLE;GALP;2.366;3.692;1.359;1.409;0.0;0.0504012200908091;42.366083;-3.692694;2.480670269955392
Burgos;42,364111;-3,622139;L 120;REPSOL;2.364;3.622;1.469;1.539;0.0;0.059821220090809;42.364111;-3.622139;4.080003356763226
Burgos;42,344583;-3,647944;LA;REPSOL;2.344;3.647;0.949;1.499;0.0;0.060591220090809;42.344583;-3.647944;1.7228720595918317
Burgos;42,347111;-3,650194;LA;CEPSA;2.347;3.65;1.519;1.559;0.0;0.0143211220090809;42.347111;-3.650194;2.052186530202578
Burgos;42,368111;-3,728194;L I;;2.368;3.728;1.42;1.52;0.0;0.0126081220090809;42.368111;-3.728194;2.1804757219292883
Carcedo;42,287639;-3,623639;L-D: 06:00-22:00;;2.287;3.623;1.277;1.377;0.0;0.0141181231090809;42.287639;-3.623639;4.52404651077226
Cardeñajimeno;42,341250;-3,612222;L-D: 07:00-23:00;REPSOL;2.341;3.612;1.579;1.489;0.0;0.0551812330908093;42.34125;-3.612222;2.646342083065243
Melgar;42,403056;-4,238167;LGAR;;2.403;4.238;1.504;1.601;0.0;0.0599113340908091;42.403056;-4.238167;2.1287001906199174
Melgar;42,401528;-4,245167;LGAR;;2.401;4.245;1.44;0.012;0.0;0.0126061334090809;42.401528;-4.245167;2.218534511444719
Quintanillas (Las);42,366583;-3,843667;LLAS;REPSOL;2.366;3.843;1.489;1.589;0.0;0.0160721402090809;42.366583;-3.843667;0.30318959203699636
Sasamón;42,399444;-4,038056;LLOS;REPSOL;2.399;4.038;0.995;1.508;0.0;0.0153681449090809;42.399444;-4.038056;1.2792397410565832
Villagonzalo;42,306722;-3,732250;LO;SHELL;2.306;3.732;1.519;1.58;0.0;0.0840615060908091;42.306722;-3.73225;4.656803029677265
Villagonzalo;42,308861;-3,702722;LO;;2.308;3.702;1.349;1.439;0.0;0.0132361506090809;42.308861;-3.702722;3.935540499728258
Villagonzalo;42,309056;-3,723556;LO;REPSOL;2.309;3.723;1.589;1.499;0.0;0.0507615060908091;42.309056;-3.723556;4.433727376809485
Villalbilla;42,340889;-3,767000;LLA;REPSOL;2.34;3.767;1.0;1.519;0.0;0.0600815090908093;42.340889;-3.767;1.4260478125761469
Villanueva;42,379861;-3,928167;L-D: 24;;2.379;3.928;0.669;1.329;0.0;0.0475015190908092;42.379861;-3.928167;1.0517100609384433
Angl;41,958250;2,649083;LES2;CEPSA;1.958;2.649;1.519;1.596;0.0;0.0295724561709171;41.95825;2.649083;0.793243691988016
Angl;41,958167;2,634361;LES2;SHELL;1.958;2.634;1.299;1.379;0.0;0.0170724561709171;41.958167;2.634361;1.4679560829817613
Angl;41,959111;2,634639;LES2;;1.959;2.634;0.439;1.309;0.0;0.0162842456170917;41.959111;2.634639;1.5079345501422472
Bescanó;41,967889;2,746250;LIS;;1.967;2.746;1.357;1.417;0.0;0.0146552466170917;41.967889;2.74625;0.7579628875389508
Bescanó;41,964278;2,771639;LIS;;1.964;2.771;1.269;1.349;0.0;0.0126742466170917;41.964278;2.771639;1.2680114873453867
Brunyola;41,907389;2,661139;LA2;REPSOL;1.907;2.661;1.489;1.279;0.0;0.0184124761709177;41.907389;2.661139;4.959082622518568
Cellera;41,966806;2,625250;LERA;REPSOL;1.966;2.625;1.519;1.599;0.0;0.0254624941709174;41.966806;2.62525;2.6496683688488543
Fornells;41,935750;2,797944;LLS;;1.935;2.797;1.277;1.349;0.0;0.0123522518170917;41.93575;2.797944;4.340239136616708
Girona;41,970028;2,839250;LLE;REPSOL;1.97;2.839;1.489;1.549;0.0;0.025202524170917;41.970028;2.83925;4.766463247326456
Girona;41,975250;2,823750;LLE;REPSOL;1.975;2.823;1.489;1.549;0.0;0.023522524170917;41.97525;2.82375;3.484474971463661
Girona;41,962472;2,811028;LLE;REPSOL;1.962;2.811;0.949;1.509;0.0;0.023092524170917;41.962472;2.811028;2.6847618086206806
Girona;41,951167;2,806306;L 1;;1.951;2.806;1.359;1.409;0.0;0.025492524170917;41.951167;2.806306;3.155420598878914
Girona;41,968028;2,811306;LOMA;CEPSA;1.968;2.811;1.519;1.589;0.0;0.028942524170917;41.968028;2.811306;2.5044379019275063
Girona;41,959167;2,801500;LOMA;;1.959;2.801;0.439;1.309;0.0;0.0123412524170917;41.959167;2.8015;2.2352345275208023
Girona;41,959056;2,801472;LLE;Q8;1.959;2.801;0.627;1.296;0.0;0.0145762524170917;41.959056;2.801472;2.2419815728090264
Girona;41,962500;2,800278;LOMA;;1.962;2.8;1.249;1.329;0.0;0.0123032524170917;41.9625;2.800278;1.9193112509166044
Girona;41,966472;2,809028;LLE;;1.966;2.809;1.239;1.319;0.0;0.0128452524170917;41.966472;2.809028;2.3670361192178624
Girona;41,954472;2,810944;L-D: 24;;1.954;2.81;0.439;1.309;0.0;0.0145812524170917;41.954472;2.810944;3.166021608354881
Girona;41,952000;2,807417;L 2;;1.952;2.807;1.359;1.409;0.0;0.025482524170917;41.952;2.807417;3.1464284526430277
Girona;41,978056;2,808500;L-D: 24;REPSOL;1.978;2.808;1.499;1.559;0.0;0.025572524170917;41.978056;2.8085;2.2875289362929103
Girona;41,994472;2,833639;LLE;;1.994;2.833;1.36;1.475;0.0;0.0102722524170917;41.994472;2.833639;4.917728130375469
Girona;41,991167;2,819028;LLE;CEPSA;1.991;2.819;1.519;1.579;0.0;0.028932524170917;41.991167;2.819028;3.694289879227808
Girona;41,989500;2,795250;L-D: 24;;1.989;2.795;1.349;1.399;0.0;0.0131102524170917;41.9895;2.79525;2.1608764573290595
Girona;42,002694;2,824194;L-D: 24;;2.002;2.824;1.239;1.319;0.0;0.0141522524170917;42.002694;2.824194;4.829012308110334
Girona;42,004139;2,824944;L;;2.004;2.824;0.58;1.248;0.0;0.0149722524170917;42.004139;2.824944;4.984934626294319
Salt;41,967333;2,787972;LT2;;1.967;2.787;0.714;1.354;0.0;0.0289025951709171;41.967333;2.787972;0.8039379769218075
Salt;41,973472;2,798528;LT2;;1.973;2.798;1.309;1.479;0.0;0.0243925951709171;41.973472;2.798528;1.3910035864481525
Salt;41,968944;2,799722;LT2;SHELL;1.968;2.799;1.11;0.899;0.0;0.0108282595170917;41.968944;2.799722;1.5509127491700543
Salt;41,970000;2,772972;LT2;BP;1.97;2.772;1.059;1.499;0.0;0.0206025951709171;41.97;2.772972;0.7906394653612814
Salt;41,975917;2,795611;LT2;REPSOL;1.975;2.795;1.529;1.589;0.0;0.0115352595170917;41.975917;2.795611;1.1971321238933041
Sant;41,990167;2,768306;L;PETRONOR;1.99;2.768;1.529;1.589;0.0;0.0181326031709174;41.990167;2.768306;2.2199604748321926
Sarri;42,006167;2,816111;L-D: 24;;2.006;2.816;0.439;1.309;0.0;0.0158752624170917;42.006167;2.816111;4.667475903337274
Ballobar;41,624333;0,194139;L-D: 24;CEPSA;1.624;0.194;0.845;1.439;0.0;0.0125233322202223;41.624333;0.194139;0.5066320650957109
Ontiñena;41,672528;0,085472;LAS;;1.672;0.085;1.27;0.9;0.0;0.0113953422220222;41.672528;0.085472;4.895781531108959
Zaidín;41,605944;0,269639;L-D: 07:00-22:00;CEPSA;1.605;0.269;0.855;1.449;0.0;0.0125134952202235;41.605944;0.269639;2.265536762803222
León;42,577972;-5,583944;LEON-5;GALP;2.577;5.583;1.339;1.389;0.0;0.055383674240824;42.577972;-5.583944;2.6850537330555118
León;42,604667;-5,579194;LEON-5;REPSOL;2.604;5.579;0.979;1.449;0.0;0.060573674240824;42.604667;-5.579194;1.2063134039546142
León;42,594222;-5,570389;LEON-5;CEPSA;2.594;5.57;1.429;1.529;0.0;0.055233674240824;42.594222;-5.570389;0.5647638058152887
León;42,631861;-5,599417;LEON-5;CEPSA;2.631;5.599;1.019;1.469;0.0;0.0145773674240824;42.631861;-5.599417;4.551352562045433
León;42,603028;-5,558028;LEON-5;REPSOL;2.603;5.558;0.979;1.439;0.0;0.0129673674240824;42.603028;-5.558028;0.8792650856251469
León;42,608250;-5,556528;LEON-5;;2.608;5.556;1.03;1.429;0.0;0.096703674240824;42.60825;-5.556528;1.3686057228977595
León;42,580361;-5,566556;LEON-5;BALLENOIL;2.58;5.566;1.309;1.329;0.0;0.0160093674240824;42.580361;-5.566556;2.0312340460065585
León;42,583833;-5,557083;LEON-5;BALLENOIL;2.583;5.557;1.309;1.329;0.0;0.0147583674240824;42.583833;-5.557083;1.8325965561196964
León;42,585611;-5,559389;LEON-5;REPSOL;2.585;5.559;1.439;1.549;0.0;0.055413674240824;42.585611;-5.559389;1.5740689274895412
León;42,585917;-5,555667;LEON-5;CARREFOUR;2.585;5.555;1.419;1.459;0.0;0.0128263674240824;42.585917;-5.555667;1.688331741635663
León;42,584417;-5,557667;LEON-5;;2.584;5.557;1.309;1.369;0.0;0.0144403674240824;42.584417;-5.557667;1.753290453731314
León;42,585861;-5,584028;LEON-5;;2.585;5.584;1.319;1.359;0.0;0.0144673674240824;42.585861;-5.584028;1.99215648693195
León;42,585083;-5,590250;LEON-5;SHELL;2.585;5.59;1.359;1.439;0.0;0.080483674240824;42.585083;-5.59025;2.4300561067459414
León;42,590833;-5,577389;LEON-5;REPSOL;2.59;5.577;1.429;1.529;0.0;0.049743674240824;42.590833;-5.577389;1.2168803765590397
León;42,587833;-5,601111;LEON-5;BALLENOIL;2.587;5.601;1.309;1.329;0.0;0.087773674240824;42.587833;-5.601111;3.0428915490635196
León;42,574361;-5,582861;LEON-5;BALLENOIL;2.574;5.582;1.309;1.329;0.0;0.0149773674240824;42.574361;-5.582861;2.9960525078888725
León;42,614222;-5,597917;LEON-5;;2.614;5.597;1.349;1.399;0.0;0.0120053674240824;42.614222;-5.597917;3.070792698502575
León;42,572556;-5,583278;León1;REPSOL;2.572;5.583;1.439;1.519;0.0;0.060393674240824;42.572556;-5.583278;3.1921514811749367
León;42,570917;-5,582444;León1;REPSOL;2.57;5.582;1.439;1.519;0.0;0.0604036742408241;42.570917;-5.582444;3.3319438622027184
León;42,582222;-5,573972;LEON-5;;2.582;5.573;0.749;1.349;0.0;0.0497736742408241;42.582222;-5.573972;1.9124281619754386
León;42,580806;-5,578083;LEON-5;;2.58;5.578;1.41;0.015;0.0;0.0154723674240824;42.580806;-5.578083;2.180974315096473
León;42,590722;-5,616000;LEON-5;BP;2.59;5.616;1.439;1.539;0.0;0.0602236742408241;42.590722;-5.616;4.110004744033566
León;42,617306;-5,602306;LEON-5;PETRONOR;2.617;5.602;1.429;1.539;0.0;0.0553036742408242;42.617306;-5.602306;3.5617395199709088
San;42,607694;-5,604056;L;;2.607;5.604;1.349;1.399;0.0;0.0106073721240824;42.607694;-5.604056;3.1998381492666144
San;42,590167;-5,618333;L;;2.59;5.618;1.319;1.359;0.0;0.047323721240824;42.590167;-5.618333;4.309819171794761
San;42,591222;-5,615167;L;;2.591;5.615;0.639;1.449;0.0;0.0125073721240824;42.591222;-5.615167;4.031686200796265
San;42,590472;-5,615583;L;BP;2.59;5.615;1.439;1.539;0.0;0.0602137212408243;42.590472;-5.615583;4.082757508838114
Valdefresno;42,570944;-5,520528;L-D: 06:15-22:15;REPSOL;2.57;5.52;1.429;1.509;0.0;0.0599937542408242;42.570944;-5.520528;2.6153879699404556
Valdefresno;42,569722;-5,519194;L 625;REPSOL;2.569;5.519;1.429;1.509;0.0;0.0600037542408249;42.569722;-5.519194;2.777228154364865
Valdepolo;42,560028;-5,282639;LDEA;PETRONOR;2.56;5.282;1.469;1.239;0.0;0.0506737592408242;42.560028;-5.282639;1.2929160380008213
Villaquilambre;42,633222;-5,559667;LLE;GALP;2.633;5.559;1.364;1.414;0.0;0.055353795240824;42.633222;-5.559667;3.8928144344761932
Villaquilambre;42,602222;-5,550278;LAS;;2.602;5.55;0.639;1.449;0.0;0.0147103795240824;42.602222;-5.550278;1.4221324922400504
Villaquilambre;42,618361;-5,552278;LAS;BALLENOIL;2.618;5.552;1.309;1.329;0.0;0.0149743795240824;42.618361;-5.552278;2.5015412932523025
Villaquilambre;42,622167;-5,549667;LAS;REPSOL;2.622;5.549;1.519;1.429;0.0;0.0605537952408241;42.622167;-5.549667;2.97539532594206
Villaquilambre;42,626417;-5,548000;LE-311;REPSOL;2.626;5.548;1.429;1.539;0.0;0.0554737952408241;42.626417;-5.548;3.457569062877409
Villaquilambre;42,622389;-5,563778;LA;SHELL;2.622;5.563;1.369;1.449;0.0;0.0806837952408241;42.622389;-5.563778;2.6550614159543535
Villaquilambre;42,636833;-5,589778;LTO;;2.636;5.589;1.339;1.419;0.0;0.0495037952408242;42.636833;-5.589778;4.64087510615051
Villaturiel;42,547667;-5,462361;LLE;REPSOL;2.547;5.462;1.429;1.509;0.0;0.0110133800240824;42.547667;-5.462361;4.015752840239922
Villaturiel;42,553861;-5,549611;LLO;;2.553;5.549;0.69;1.289;0.0;0.0142243800240825;42.553861;-5.549611;4.708336874594225
Albat;41,576111;0,610333;L-700;PETRONOR;1.576;0.61;1.439;1.099;0.0;0.0251438112509251;41.576111;0.610333;4.681872900156832
Alcarr;41,579472;0,559333;L-800;SHELL;1.579;0.559;1.309;1.409;0.0;0.0844038152509251;41.579472;0.559333;4.378853148325977
Alcarr;41,577667;0,516889;L-D: 06:00-22:00;;1.577;0.516;1.24;1.309;0.0;0.0105103815250925;41.577667;0.516889;4.814877775901389
Alcoletge;41,652058;0,692455;L-D: 06:00-22:00;;1.652;0.692;0.703;0.01;0.0;0.0102023816250925;41.652058;0.692455;2.5791067498459226
Alpicat;41,645917;0,566444;LLE;REPSOL;1.645;0.566;1.469;1.579;0.0;0.0123513826250925;41.645917;0.566444;3.0349636717571165
Alpicat;41,662833;0,557750;L-V: 09:00-14:00;;1.662;0.557;0.439;1.309;0.0;0.0149273826250925;41.662833;0.55775;4.914897131622764
Anglesola;41,656861;1,079000;LA1;;1.656;1.079;1.239;0.884;0.0;0.0201838282509251;41.656861;1.079;3.9809278600240656
Bell;41,628667;0,774750;LL-;REPSOL;1.628;0.774;1.475;1.555;0.0;0.0245038452509252;41.628667;0.77475;2.2068416705407805
Bellpuig;41,644444;1,000306;L-D: 06:00-22:00;;1.644;1.0;0.685;1.254;0.0;0.0117053847250925;41.644444;1.000306;4.142917716809172
Bellvís;41,670278;0,814167;LVIS0;SHELL;1.67;0.814;1.025;1.478;0.0;0.0228038492509251;41.670278;0.814167;2.856626776881179
Bellvís;41,666889;0,816972;LVIS0;;1.666;0.816;0.905;0.098;0.0;0.0987638492509251;41.666889;0.816972;2.44054198558509
Fondarella;41,639444;0,877528;LLA0;CEPSA;1.639;0.877;1.469;1.535;0.0;0.0109463886250925;41.639444;0.877528;2.4801701222088055
Fondarella;41,638722;0,874250;LLA0;REPSOL;1.638;0.874;1.479;1.539;0.0;0.0283438862509253;41.638722;0.87425;2.635066147121777
Fuliola (La);41,722222;1,001167;LA;;1.722;1.001;1.245;1.265;0.0;0.0111513888250925;41.722222;1.001167;4.573059976044849
Gimenells;41,654056;0,389194;LLS0;;1.654;0.389;1.269;0.911;0.0;0.0942538912509251;41.654056;0.389194;3.569079914262878
Gimenells;41,652611;0,393000;LLS0;REPSOL;1.652;0.393;0.845;1.465;0.0;0.0250038912509252;41.652611;0.393;3.4876057842543986
Golmés;41,628333;0,908972;LMES0;;1.628;0.908;1.26;1.32;0.0;0.0176738922509252;41.628333;0.908972;4.163286621002871
Golmés;41,630528;0,914083;LMES0;;1.63;0.914;0.419;1.24;0.0;0.0115503892250925;41.630528;0.914083;4.184097609442717
Golmés;41,629694;0,906000;LMES0;;1.629;0.906;1.275;1.375;0.0;0.0907738922509252;41.629694;0.906;3.9138991520762536
Ivars;41,679861;0,985389;LL0;;1.679;0.985;0.494;1.269;0.0;0.0202039052509251;41.679861;0.985389;1.1371250173114775
Lleida;41,630778;0,626750;LDE;CEPSA;1.63;0.626;1.551;1.641;0.0;0.029493916250925;41.630778;0.62675;1.569794209729289
Lleida;41,625444;0,628889;L-D: 05:00-23:00;REPSOL;1.625;0.628;1.469;1.529;0.0;0.023363916250925;41.625444;0.628889;1.1432955408049346
Lleida;41,643889;0,613500;LLE;CEPSA;1.643;0.613;1.539;1.649;0.0;0.0294739162509251;41.643889;0.6135;2.9741172993060574
Lleida;41,605806;0,612250;LIX, 41;CEPSA;1.605;0.612;1.33;1.44;0.0;0.024873916250925;41.605806;0.61225;1.4605757049018775
Lleida;41,599417;0,633139;LL-11;CEPSA;1.599;0.633;0.753;1.574;0.0;0.023533916250925;41.599417;0.633139;2.29645784852545
Lleida;41,611222;0,643667;LLE;REPSOL;1.611;0.643;1.469;1.529;0.0;0.024583916250925;41.611222;0.643667;2.089910395685603
Lleida;41,613611;0,655417;L-D: 06:00-22:00;REPSOL;1.613;0.655;1.469;1.529;0.0;0.0118233916250925;41.613611;0.655417;1.4434571851636728
Lleida;41,610750;0,662972;LONA;REPSOL;1.61;0.662;1.479;1.529;0.0;0.022223916250925;41.61075;0.662972;1.5696558187939225
Lleida;41,609306;0,636222;LONA;BALLENOIL;1.609;0.636;1.239;1.24;0.0;0.022843916250925;41.609306;0.636222;1.6321385609843386
Lleida;41,609056;0,637083;LLE;BALLENOIL;1.609;0.637;1.239;1.24;0.0;0.022833916250925;41.609056;0.637083;1.707009598044438
Lleida;41,602444;0,632167;L EL;;1.602;0.632;0.439;1.309;0.0;0.0124903916250925;41.602444;0.632167;1.9638955375531553
Lleida;41,618944;0,652278;L C,;CEPSA;1.618;0.652;1.483;1.113;0.0;0.0176839162509251;41.618944;0.652278;1.1833921819738769
Lleida;41,609778;0,676639;L-V: 07:00-21:00;;1.609;0.676;1.425;1.521;0.0;0.0150163916250925;41.609778;0.676639;1.9713241207071146
Lleida;41,651778;0,551778;L EL;;1.651;0.551;1.469;1.579;0.0;0.0242939162509251;41.651778;0.551778;3.777091590169513
Lleida;41,615583;0,649500;L EL;;1.615;0.649;0.419;1.24;0.0;0.0156839162509251;41.615583;0.6495;1.5932661443201286
Lleida;41,617583;0,653639;L II;;1.617;0.653;1.459;0.015;0.0;0.0155583916250925;41.617583;0.653639;1.1881249098543558
Lleida;41,613806;0,649917;LOW;;1.613;0.649;1.239;1.388;0.0;0.0127573916250925;41.613806;0.649917;1.703300072950248
Lleida;41,611278;0,680389;L-D: 08:00-22:00;;1.611;0.68;1.519;1.28;0.0;0.0155383916250925;41.611278;0.680389;2.0250156465339537
Lleida;41,628889;0,664333;L-V: 10:00-13:30;;1.628;0.664;1.41;0.015;0.0;0.0155903916250925;41.628889;0.664333;0.4505804690414258
Lleida;41,626361;0,660722;L;REPSOL;1.626;0.66;1.03;0.012;0.0;0.0125903916250925;41.626361;0.660722;0.32996896901823547
Lleida;41,624333;0,661667;LL-11;;1.624;0.661;1.369;0.011;0.0;0.0116663916250925;41.624333;0.661667;0.21237206996857066
Lleida;41,614750;0,652472;L-D: 07:00-22:00;REPSOL;1.614;0.652;1.559;1.469;0.0;0.0952139162509251;41.61475;0.652472;1.482530577263281
Lleida;41,631944;0,592611;LES)0;CEPSA;1.631;0.592;1.551;1.659;0.0;0.0294839162509251;41.631944;0.592611;1.5336396779052845
Lleida;41,645306;0,566139;LES)0;GALP;1.645;0.566;1.294;1.344;0.0;0.0118813916250925;41.645306;0.566139;2.964764161134855
Lleida;41,599222;0,597861;L;;1.599;0.597;0.729;1.299;0.0;0.0810339162509251;41.599222;0.597861;2.1466697971555724
Lleida;41,607889;0,616111;L-D: 07:00-22:00;REPSOL;1.607;0.616;1.05;1.489;0.0;0.0108663916250925;41.607889;0.616111;1.1263403318110248
Mollerussa;41,621556;0,890389;L-D: 24;;1.621;0.89;1.239;1.295;0.0;0.0294439262509252;41.621556;0.890389;4.421540922146093
Mollerussa;41,627528;0,886944;L-D: 24;;1.627;0.886;1.349;1.389;0.0;0.0176939262509252;41.627528;0.886944;3.7368560266966795
Mollerussa;41,629694;0,887806;L-D: 07:00-21:00;REPSOL;1.629;0.887;1.469;1.489;0.0;0.0225639262509257;41.629694;0.887806;3.500853396082271
Palau;41,647752;0,883483;LAU;;1.647;0.883;0.68;1.271;0.0;0.0928139472509252;41.647752;0.883483;1.4869626209575915
Sant;41,726694;1,371611;L-7042;;1.726;1.371;1.415;0.98;0.0;0.0813239802509251;41.726694;1.371611;1.5798103287110001
Sidamon;41,633333;0,823056;L-D: 24;REPSOL;1.633;0.823;0.75;1.479;0.0;0.0228739872509252;41.633333;0.823056;2.6553501618157656
Bio;41,662472;1,136278;LL -;REPSOL;1.662;1.136;1.469;1.529;0.0;0.0279539972509253;41.662472;1.136278;4.653852703615553
Adm;41,662778;1,133472;L-D: 24;;1.662;1.133;0.695;1.304;0.0;0.0201439972509253;41.662778;1.133472;4.500074047550076
Tornabous;41,697778;1,054889;LOW;;1.697;1.054;1.339;1.369;0.0;0.0129794005250925;41.697778;1.054889;1.0012303277416394
Vila;41,642500;0,894917;LA-;REPSOL;1.642;0.894;1.479;1.539;0.0;0.0182540322509252;41.6425;0.894917;2.234525180850151
Vila;41,643444;0,931306;LA-;;1.643;0.931;1.504;1.6;0.0;0.0227640322509252;41.643444;0.931306;2.776347683903002
Vila;41,650833;0,898806;LA-;;1.65;0.898;1.032;1.475;0.0;0.0173040322509277;41.650833;0.898806;1.6347599332232323
Osorno;42,413694;-4,352722;L-D: 06:00-22:00;REPSOL;2.413;4.352;1.499;1.559;0.0;0.0632051333408344;42.413694;-4.352722;2.6046564825326657
Osorno;42,417000;-4,350750;LOS;;2.417;4.35;0.699;1.369;0.0;0.0475251333408344;42.417;-4.35075;2.235237674112179
Osorno;42,413389;-4,360533;L-D: 24;;2.413;4.36;0.914;0.097;0.0;0.0979251333408344;42.413389;-4.360533;2.510508077567928
Saldaña;42,513028;-4,740361;L-D: 06:30-22:30;;2.513;4.74;0.947;1.489;0.0;0.0150715164340834;42.513028;-4.740361;2.9701650575259895
Saldaña;42,518417;-4,736056;L626;REPSOL;2.518;4.736;1.499;1.589;0.0;0.0629251643408348;42.518417;-4.736056;3.6030251318606514
Viniegra;42,173639;-2,885722;LLE;REPSOL;2.173;2.885;1.469;1.519;0.0;0.0237242042617378;42.173639;-2.885722;3.3555487203204892
Ágreda;41,864194;-1,925111;L;;1.864;1.925;0.911;0.093;0.0;0.0937561624208421;41.864194;-1.925111;4.470025829032059
Ainzón;41,813556;-1,514806;L-D: 24;;1.813;1.514;1.298;0.928;0.0;0.0896578225002506;41.813556;-1.514806;1.7625075892883246
Alfajarín;41,604500;-0,689778;L II;;1.604;0.689;1.179;1.129;0.0;0.014387783350025;41.6045;-0.689778;4.559133367911511
Alfajarín;41,604778;-0,689139;LFA;;1.604;0.689;0.849;1.59;0.0;1.0;41.604778;-0.689139;4.517243504577061
Alfajarín;41,606806;-0,691167;L II;REPSOL;1.606;0.691;1.599;1.509;0.0;0.0197778335002501;41.606806;-0.691167;4.3387674391014475
Alfajarín;41,606417;-0,691639;L-S: 08:00-13:00;REPSOL;1.606;0.691;1.599;1.509;0.0;0.0197678335002504;41.606417;-0.691639;4.390924574657334
Ambel;41,796361;-1,614500;L-1;;1.796;1.614;0.928;0.01;0.0;0.010931784350025;41.796361;-1.6145;3.577898219526498
Borja;41,831639;-1,528278;LLE;;1.831;1.528;1.298;0.928;0.0;0.010930787150025;41.831639;-1.528278;3.152210413912895
Borja;41,832806;-1,516611;LLE;;1.832;1.516;1.29;1.35;0.0;0.011844787150025;41.832806;-1.516611;3.7616202662675513
Farlete;41,681028;-0,506944;LETE-0;;1.681;0.506;1.4;0.99;0.0;0.012415791850025;41.681028;-0.506944;4.578150030425722
Fuendejalón;41,762833;-1,475639;LON-1;REPSOL;1.762;1.475;1.579;1.489;0.0;0.0153479265002505;41.762833;-1.475639;3.612343408240945
Fuendejalón;41,758222;-1,473306;LON-1;;1.758;1.473;1.27;0.915;0.0;0.0899379265002507;41.758222;-1.473306;3.8896851729953785
Magallón;41,830417;-1,463611;LLON-1;;1.83;1.463;1.329;0.939;0.0;0.0975479645002503;41.830417;-1.463611;4.613095864299079
Monegrillo;41,637972;-0,419389;LLO-0;REPSOL;1.637;0.419;1.489;1.245;0.0;0.0153179815002502;41.637972;-0.419389;1.1823311233824896
Pedrola;41,773528;-1,216306;LA-1;;1.773;1.216;1.489;1.162;0.0;0.010158801550025;41.773528;-1.216306;4.743474948626219
Pedrola;41,772806;-1,216889;LA-1;;1.772;1.216;1.489;1.162;0.0;0.010157801550025;41.772806;-1.216889;4.659625681167588
Pedrola;41,735917;-1,207111;LA-1;;1.735;1.207;0.56;1.333;0.0;0.015338801550025;41.735917;-1.207111;1.280178087936856
Pedrola;41,734333;-1,194194;LA-1;;1.734;1.194;0.36;1.515;0.0;0.014259801550025;41.734333;-1.194194;2.2605964601552517
Pedrola;41,743833;-1,191667;LA-1;;1.743;1.191;0.36;1.515;0.0;0.011670801550025;41.743833;-1.191667;2.8255172949978276
Pinseque;41,738306;-1,076389;LOS;REPSOL;1.738;1.076;1.629;1.539;0.0;0.0198280205002502;41.738306;-1.076389;4.732337375431954
Pinseque;41,736028;-1,072611;LEOS;;1.736;1.072;0.6;1.291;0.0;0.0923280205002502;41.736028;-1.072611;4.717070775606315
Pinseque;41,742472;-1,095944;L,;;1.742;1.095;1.339;1.459;0.0;0.012855802050025;41.742472;-1.095944;4.494996696586442
Pozuelo;41,766833;-1,427556;LO;;1.766;1.427;0.875;0.01;0.0;0.010845802750025;41.766833;-1.427556;2.697730546050727
Puebla;41,640639;-0,754694;LA;REPSOL;1.64;0.754;1.645;0.929;0.0;0.0141080305002501;41.640639;-0.754694;1.2816735238005736
Puebla;41,640722;-0,754611;LA;REPSOL;1.64;0.754;1.645;0.929;0.0;0.0140980305002501;41.640722;-0.754611;1.283176861634938
Puebla;41,633611;-0,756556;LA;REPSOL;1.633;0.756;1.609;1.519;0.0;0.010682803050025;41.633611;-0.756556;1.708660112068793
Sobradiel;41,730583;-1,031417;L-1;PETRONOR;1.73;1.031;1.599;1.509;0.0;0.0141580575002506;41.730583;-1.031417;4.913786929974842
Tarazona;41,893972;-1,721278;LOS,;;1.893;1.721;1.529;1.119;0.0;0.0147280615002505;41.893972;-1.721278;4.20954508909396
Tarazona;41,890500;-1,709556;L;;1.89;1.709;0.499;1.349;0.0;0.011557806150025;41.8905;-1.709556;4.072362569275641
Utebo;41,701889;-1,001306;L-D: 06:00-22:00;ALCAMPO;1.701;1.001;1.245;1.36;0.0;0.011348808250025;41.701889;-1.001306;2.9900998450018235
Utebo;41,703694;-1,004139;L 232;CEPSA;1.703;1.004;1.524;1.524;0.0;0.0150080825002501;41.703694;-1.004139;3.2296908304220744
Utebo;41,695694;-0,989639;L-D: 06:00-22:00;REPSOL;1.695;0.989;1.609;1.519;0.0;0.0147480825002501;41.695694;-0.989639;2.3291695895002182
Utebo;41,678639;-0,961806;LLE;REPSOL;1.678;0.961;1.609;1.519;0.0;0.0152280825002501;41.678639;-0.961806;2.6559839346176735
Utebo;41,710833;-1,019611;LLE;;1.71;1.019;0.419;1.245;0.0;0.012983808250025;41.710833;-1.019611;3.6226077332206175
Utebo;41,711694;-0,997639;"L-V: 07:00-21:00;";;1.711;0.997;0.96;0.015;0.0;0.015617808250025;41.711694;-0.997639;4.049975786523294
Utebo;41,677167;-0,957889;L-D: 24;REPSOL;1.677;0.957;1.609;1.519;0.0;0.0152180825002506;41.677167;-0.957889;2.3161825988407303
Zaragoza;41,665417;-0,866639;LA;;1.665;0.866;0.699;1.339;0.0;0.014327810850025;41.665417;-0.866639;2.021355010949851
Zaragoza;41,647444;-0,877444;L-D: 06:00-22:00;REPSOL;1.647;0.877;1.579;1.499;0.0;0.01986810850025;41.647444;-0.877444;0.979321562171132
Zaragoza;41,644972;-0,857667;LOS;REPSOL;1.644;0.857;1.579;1.489;0.0;0.01381810850025;41.644972;-0.857667;0.37167559639053516
Zaragoza;41,648556;-0,868222;L-D: 06:00-22:00;;1.648;0.868;1.458;1.548;0.0;0.01493810850025;41.648556;-0.868222;0.7803515908717152
Zaragoza;41,647083;-0,895194;LAZA;REPSOL;1.647;0.895;1.608;1.508;0.0;0.01979810850025;41.647083;-0.895194;0.5432180443237549
Zaragoza;41,640833;-0,893778;LIAN;REPSOL;1.64;0.893;1.489;1.549;0.0;0.01523810850025;41.640833;-0.893778;0.9702609059640712
Zaragoza;41,625472;-0,888389;L-D: 24;PETRONOR;1.625;0.888;1.589;1.499;0.0;0.01379810850025;41.625472;-0.888389;2.5971568753532477
Zaragoza;41,632583;-0,983889;L;;1.632;0.983;0.419;1.245;0.0;0.013290810850025;41.632583;-0.983889;4.854419832056857
Zaragoza;41,634222;-0,908500;LLE;REPSOL;1.634;0.908;1.579;0.939;0.0;0.01429810850025;41.634222;-0.9085;2.288846382686596
Zaragoza;41,646750;-0,905583;L;Q8;1.646;0.905;1.399;0.081;0.0;0.08183810850025;41.64675;-0.905583;1.3900599063460484
Zaragoza;41,633389;-0,908694;"L-V: 07:00-23:00;";REPSOL;1.633;0.908;1.579;1.489;0.0;0.01430810850025;41.633389;-0.908694;2.366532057342962
Zaragoza;41,660778;-0,927083;L-D: 24;REPSOL;1.66;0.927;1.599;1.509;0.0;0.014697810850025;41.660778;-0.927083;1.0523747339086182
Zaragoza;41,649944;-0,919139;L-D: 24;;1.649;0.919;0.983;1.489;0.0;0.01460810850025;41.649944;-0.919139;2.1301004621416966
Zaragoza;41,659278;-0,918972;LLE;CARREFOUR;1.659;0.918;1.449;1.489;0.0;0.011816810850025;41.659278;-0.918972;1.739686835749138
Zaragoza;41,661222;-0,953611;L-D: 24;;1.661;0.953;0.699;1.349;0.0;0.013482810850025;41.661222;-0.953611;1.1534748359072649
Zaragoza;41,663389;-0,930833;L-D: 24;CEPSA;1.663;0.93;1.24;1.508;0.0;0.01480810850025;41.663389;-0.930833;0.7724813806929995
Zaragoza;41,660139;-0,925194;L-D: 24;REPSOL;1.66;0.925;1.599;0.979;0.0;0.01980810850025;41.660139;-0.925194;1.2149294710313756
Zaragoza;41,644083;-0,936028;L-D: 24;ALCAMPO;1.644;0.936;1.239;1.351;0.0;0.012516810850025;41.644083;-0.936028;1.9456648583269376
Zaragoza;41,634222;-0,923278;L: 07:00-22:00;;1.634;0.923;1.199;0.869;0.0;0.012944810850025;41.634222;-0.923278;3.272504780619322
Zaragoza;41,621972;-0,913139;L-D: 07:00-22:00;;1.621;0.913;0.699;1.349;0.0;0.013122810850025;41.621972;-0.913139;3.593115074419202
Zaragoza;41,621972;-0,913694;L-D: 24;REPSOL;1.621;0.913;1.599;1.509;0.0;0.01454810850025;41.621972;-0.913694;3.618978876950272
Zaragoza;41,647278;-0,935167;LA;REPSOL;1.647;0.935;0.89;1.608;0.0;0.01984810850025;41.647278;-0.935167;1.6111480324718077
Zaragoza;41,626667;-0,922778;"L-V: 06:00-22:00;";REPSOL;1.626;0.922;1.599;1.509;0.0;0.011786810850025;41.626667;-0.922778;3.7295281461847796
Zaragoza;41,633222;-0,860917;L-D: 06:00-22:00;;1.633;0.86;0.699;1.369;0.0;0.013218810850025;41.633222;-0.860917;1.6740509828224297
Zaragoza;41,622972;-0,939389;L;REPSOL;1.622;0.939;1.589;1.499;0.0;0.011275810850025;41.622972;-0.939389;4.268767621129288
Zaragoza;41,634528;-0,861833;L-D: 06:00-22:00;REPSOL;1.634;0.861;1.579;1.499;0.0;0.0137881085002507;41.634528;-0.861833;1.5401115083534782
Zaragoza;41,611111;-0,835000;LLON;SHELL;1.611;0.835;1.11;1.399;0.0;0.011371810850025;41.611111;-0.835;4.088928080619717
Zaragoza;41,623167;-0,845917;L-V: 06:00-22:00;BP;1.623;0.845;1.09;0.859;0.0;0.012002810850025;41.623167;-0.845917;2.9833135801590274
Zaragoza;41,604000;-0,829333;LLON;;1.604;0.829;0.435;1.303;0.0;0.015461810850025;41.604;-0.829333;4.8452722896516125
Zaragoza;41,622861;-0,846444;LLE;BP;1.622;0.846;1.499;1.299;0.0;0.01505810850025;41.622861;-0.846444;2.999758577158976
Zaragoza;41,678917;-0,889917;LLE;CEPSA;1.678;0.889;1.549;1.649;0.0;0.01491810850025;41.678917;-0.889917;3.3470137694587643
Zaragoza;41,677889;-0,890000;L J.;CARREFOUR;1.677;0.89;1.449;1.489;0.0;0.08317810850025;41.677889;-0.89;3.2328853865840785
Zaragoza;41,610250;-0,883000;L-D: 24;;1.61;0.883;1.339;1.389;0.0;0.015376810850025;41.61025;-0.883;4.318835957183972
Zaragoza;41,666222;-0,876944;LAS, 18;GALP;1.666;0.876;1.489;1.539;0.0;0.01988810850025;41.666222;-0.876944;2.181821214485295
Zaragoza;41,662111;-0,887417;L-V: 24;REPSOL;1.662;0.887;1.579;1.489;0.0;0.012120810850025;41.662111;-0.887417;1.4840423936685438
Zaragoza;41,661389;-0,885917;LLE;REPSOL;1.661;0.885;1.579;1.489;0.0;0.01478810850025;41.661389;-0.885917;1.4218481245881787
Zaragoza;41,668694;-0,860556;LUÑA 254-258;;1.668;0.86;0.699;1.339;0.0;0.012882810850025;41.668694;-0.860556;2.2835957748515123
Zaragoza;41,667556;-0,851083;L-D: 24;SHELL;1.667;0.851;1.379;1.459;0.0;0.01267810850025;41.667556;-0.851083;2.2470665419444225
Zaragoza;41,660278;-0,868889;LLE;;1.66;0.868;1.508;1.608;0.0;0.01432810850025;41.660278;-0.868889;1.5815308111583342
Zaragoza;41,667417;-0,859833;LDE;;1.667;0.859;0.75;1.328;0.0;0.013368810850025;41.667417;-0.859833;2.1387423854789094
Zaragoza;41,672528;-0,862111;LDE;;1.672;0.862;0.799;1.468;0.0;0.01495810850025;41.672528;-0.862111;2.719067133179918
Zaragoza;41,670917;-0,861139;LADA;REPSOL;1.67;0.861;1.509;1.599;0.0;0.01398810850025;41.670917;-0.861139;2.5335342552870195
Zaragoza;41,681972;-0,852556;L;;1.681;0.852;0.631;1.359;0.0;0.09034810850025;41.681972;-0.852556;3.791732964017179
Zaragoza;41,682333;-0,853361;L-D: 00:00-23:59;;1.682;0.853;1.531;1.162;0.0;0.01487810850025;41.682333;-0.853361;3.822955838290832
Zaragoza;41,682417;-0,853417;L-D: 24;;1.682;0.853;1.199;1.149;0.0;0.015943810850025;41.682417;-0.853417;3.8316799234926187
Zaragoza;41,681361;-0,780861;"L-V: 05:30-22:00;";REPSOL;1.681;0.78;1.599;1.509;0.0;0.0138381085002501;41.681361;-0.780861;4.037752724316378
Zaragoza;41,658944;-0,807250;L;;1.658;0.807;0.899;1.529;0.0;0.01496810850025;41.658944;-0.80725;1.5251033887218102
Zaragoza;41,656861;-0,782333;L, 7;CEPSA;1.656;0.782;1.539;1.639;0.0;0.01492810850025;41.656861;-0.782333;1.6641707880832954
Zaragoza;41,670278;-0,839722;L-D: 06:00-22:00;;1.67;0.839;0.899;1.529;0.0;0.01477810850025;41.670278;-0.839722;2.6886351801241832
Zaragoza;41,672500;-0,832944;L-D: 24;REPSOL;1.672;0.832;1.629;1.529;0.0;0.09847810850025;41.6725;-0.832944;2.7953542040299735
Zaragoza;41,667167;-0,813833;L-D: 24;;1.667;0.813;0.746;1.343;0.0;0.01417810850025;41.667167;-0.813833;2.5005862049557503
Zaragoza;41,666639;-0,813194;L-D: 24;;1.666;0.813;1.199;1.149;0.0;0.013397810850025;41.666639;-0.813194;2.476611862807608
Zaragoza;41,658417;-0,784583;L II;;1.658;0.784;0.31;1.499;0.0;0.016298810850025;41.658417;-0.784583;1.7137432189296578
Zaragoza;41,651722;-0,795111;LLE;REPSOL;1.651;0.795;1.629;1.529;0.0;0.09844810850025;41.651722;-0.795111;0.5957288439102092
Zaragoza;41,609722;-0,881944;L, 9 -;REPSOL;1.609;0.881;1.599;0.929;0.0;0.012396810850025;41.609722;-0.881944;4.388155601840965
Zaragoza;41,635833;-0,991111;L-D: 07:00-23:00;REPSOL;1.635;0.991;1.645;1.555;0.0;0.011276810850025;41.635833;-0.991111;4.406410461026026
Zaragoza;41,651444;-0,981111;LLOS-0;;1.651;0.981;1.239;1.359;0.0;0.011519810850025;41.651444;-0.981111;2.9259268468482538
Zaragoza;41,663639;-0,983306;LLOS-0;;1.663;0.983;0.799;1.539;0.0;0.0148381085002501;41.663639;-0.983306;1.6703643624872497
Zaragoza;41,695306;-0,990167;LLOS-0;REPSOL;1.695;0.99;1.609;1.519;0.0;0.0147581085002506;41.695306;-0.990167;2.2774496082363194
Zaragoza;41,740389;-1,078944;L;REPSOL;1.74;1.078;1.629;1.539;0.0;0.0827581085002501;41.740389;-1.078944;4.813791674587617
Zaragoza;41,636528;-0,990111;L/;REPSOL;1.636;0.99;1.049;1.645;0.0;0.012289810850025;41.636528;-0.990111;4.3380405884702125
Zaragoza;41,637639;-0,977472;L, 19;;1.637;0.977;1.35;1.432;0.0;0.016078810850025;41.637639;-0.977472;4.097952622423656
Zaragoza;41,638639;-0,992556;LA, 20;;1.638;0.992;0.729;1.279;0.0;0.016258810850025;41.638639;-0.992556;4.085675390636478
Zaragoza;41,637944;-0,986389;LA;;1.637;0.986;1.032;1.473;0.0;0.012472810850025;41.637944;-0.986389;4.22894776208544
Zaragoza;41,638361;-0,987833;LLE;;1.638;0.987;1.199;1.149;0.0;0.015747810850025;41.638361;-0.987833;4.162200237281301
